ID,Rep,Name,Value,Promoter,Context,Gene.type.integer,Promoter.integer
1,MA30,HR5.IE1.KrSV40,21.02819,Hr5,Kozak_SV40,1,1
2,MA30,HR5.IE1.KrSV40,16.92839,Hr5,Kozak_SV40,1,1
3,MA30,HR5.IE1.KrSV40,20.32406,Hr5,Kozak_SV40,1,1
4,MA30,HR5.IE1.KrSV40,13.57508,Hr5,Kozak_SV40,1,1
5,MA30,HR5.IE1.KrSV40,18.42325,Hr5,Kozak_SV40,1,1
6,MA30,HR5.IE1.KrSV40,12.85136,Hr5,Kozak_SV40,1,1
7,MA30,HR5.IE1.KrSV40,15.4781,Hr5,Kozak_SV40,1,1
8,MA30,HR5.IE1.KrSV40,20.42363,Hr5,Kozak_SV40,1,1
9,MA34,HR5.IE1.KrSV40,17.613,Hr5,Kozak_SV40,1,1
10,MA34,HR5.IE1.KrSV40,14.45574,Hr5,Kozak_SV40,1,1
11,MA34,HR5.IE1.KrSV40,10.52282,Hr5,Kozak_SV40,1,1
12,MA34,HR5.IE1.KrSV40,10.82219,Hr5,Kozak_SV40,1,1
13,MA34,HR5.IE1.KrSV40,11.06459,Hr5,Kozak_SV40,1,1
14,MA34,HR5.IE1.KrSV40,11.94283,Hr5,Kozak_SV40,1,1
15,MA34,HR5.IE1.KrSV40,10.48681,Hr5,Kozak_SV40,1,1
16,MA34,HR5.IE1.KrSV40,12.82791,Hr5,Kozak_SV40,1,1
17,MA37,HR5.IE1.KrSV40,16.43486,Hr5,Kozak_SV40,1,1
18,MA37,HR5.IE1.KrSV40,16.20088,Hr5,Kozak_SV40,1,1
19,MA37,HR5.IE1.KrSV40,19.93108,Hr5,Kozak_SV40,1,1
20,MA37,HR5.IE1.KrSV40,17.56674,Hr5,Kozak_SV40,1,1
21,MA37,HR5.IE1.KrSV40,16.30462,Hr5,Kozak_SV40,1,1
22,MA37,HR5.IE1.KrSV40,15.44687,Hr5,Kozak_SV40,1,1
23,MA37,HR5.IE1.KrSV40,12.79874,Hr5,Kozak_SV40,1,1
24,MA37,HR5.IE1.KrSV40,9.785981,Hr5,Kozak_SV40,1,1
25,,HR5.IE1.KrSV40,,Hr5,Kozak_SV40,1,1
26,,HR5.IE1.KrSV40,,Hr5,Kozak_SV40,1,1
27,,HR5.IE1.KrSV40,,Hr5,Kozak_SV40,1,1
28,,HR5.IE1.KrSV40,,Hr5,Kozak_SV40,1,1
29,,HR5.IE1.KrSV40,,Hr5,Kozak_SV40,1,1
30,,HR5.IE1.KrSV40,,Hr5,Kozak_SV40,1,1
31,,HR5.IE1.KrSV40,,Hr5,Kozak_SV40,1,1
32,,HR5.IE1.KrSV40,,Hr5,Kozak_SV40,1,1
33,MA30,AePub.KSV40,99.4282,AePUb,Kozak_SV40,1,2
34,MA30,AePub.KSV40,60.49402,AePUb,Kozak_SV40,1,2
35,MA30,AePub.KSV40,57.8762,AePUb,Kozak_SV40,1,2
36,MA30,AePub.KSV40,38.09584,AePUb,Kozak_SV40,1,2
37,MA30,AePub.KSV40,63.55578,AePUb,Kozak_SV40,1,2
38,MA30,AePub.KSV40,59.04895,AePUb,Kozak_SV40,1,2
39,MA30,AePub.KSV40,54.51717,AePUb,Kozak_SV40,1,2
40,MA30,AePub.KSV40,64.34936,AePUb,Kozak_SV40,1,2
41,MA34,AePub.KSV40,35.18492,AePUb,Kozak_SV40,1,2
42,MA34,AePub.KSV40,41.09664,AePUb,Kozak_SV40,1,2
43,MA34,AePub.KSV40,31.68209,AePUb,Kozak_SV40,1,2
44,MA34,AePub.KSV40,25.56488,AePUb,Kozak_SV40,1,2
45,MA34,AePub.KSV40,25.07924,AePUb,Kozak_SV40,1,2
46,MA34,AePub.KSV40,22.70116,AePUb,Kozak_SV40,1,2
47,MA34,AePub.KSV40,28.24717,AePUb,Kozak_SV40,1,2
48,MA34,AePub.KSV40,27.75159,AePUb,Kozak_SV40,1,2
49,MA37,AePub.KSV40,27.98012,AePUb,Kozak_SV40,1,2
50,MA37,AePub.KSV40,28.15246,AePUb,Kozak_SV40,1,2
51,MA37,AePub.KSV40,25.56306,AePUb,Kozak_SV40,1,2
52,MA37,AePub.KSV40,25.00352,AePUb,Kozak_SV40,1,2
53,MA37,AePub.KSV40,19.20306,AePUb,Kozak_SV40,1,2
54,MA37,AePub.KSV40,19.74119,AePUb,Kozak_SV40,1,2
55,MA37,AePub.KSV40,23.99846,AePUb,Kozak_SV40,1,2
56,MA37,AePub.KSV40,13.30945,AePUb,Kozak_SV40,1,2
57,,AePub.KSV40,,AePUb,Kozak_SV40,1,2
58,,AePub.KSV40,,AePUb,Kozak_SV40,1,2
59,,AePub.KSV40,,AePUb,Kozak_SV40,1,2
60,,AePub.KSV40,,AePUb,Kozak_SV40,1,2
61,,AePub.KSV40,,AePUb,Kozak_SV40,1,2
62,,AePub.KSV40,,AePUb,Kozak_SV40,1,2
63,,AePub.KSV40,,AePUb,Kozak_SV40,1,2
64,,AePub.KSV40,,AePUb,Kozak_SV40,1,2
65,MA30,AePub.LP10,110.6076,AePUb,Lep_P10,2,2
66,MA30,AePub.LP10,140.0597,AePUb,Lep_P10,2,2
67,MA30,AePub.LP10,103.5137,AePUb,Lep_P10,2,2
68,MA30,AePub.LP10,72.45118,AePUb,Lep_P10,2,2
69,MA30,AePub.LP10,82.2989,AePUb,Lep_P10,2,2
70,MA30,AePub.LP10,59.23227,AePUb,Lep_P10,2,2
71,MA30,AePub.LP10,107.5686,AePUb,Lep_P10,2,2
72,MA30,AePub.LP10,105.6235,AePUb,Lep_P10,2,2
73,MA34,AePub.LP10,75.97464,AePUb,Lep_P10,2,2
74,MA34,AePub.LP10,65.22133,AePUb,Lep_P10,2,2
75,MA34,AePub.LP10,64.10945,AePUb,Lep_P10,2,2
76,MA34,AePub.LP10,47.23081,AePUb,Lep_P10,2,2
77,MA34,AePub.LP10,76.92248,AePUb,Lep_P10,2,2
78,MA34,AePub.LP10,49.12732,AePUb,Lep_P10,2,2
79,MA34,AePub.LP10,73.06663,AePUb,Lep_P10,2,2
80,MA34,AePub.LP10,39.84051,AePUb,Lep_P10,2,2
81,MA37,AePub.LP10,121.6664,AePUb,Lep_P10,2,2
82,MA37,AePub.LP10,38.87481,AePUb,Lep_P10,2,2
83,MA37,AePub.LP10,103.6314,AePUb,Lep_P10,2,2
84,MA37,AePub.LP10,57.85796,AePUb,Lep_P10,2,2
85,MA37,AePub.LP10,89.85398,AePUb,Lep_P10,2,2
86,MA37,AePub.LP10,29.66844,AePUb,Lep_P10,2,2
87,MA37,AePub.LP10,32.80917,AePUb,Lep_P10,2,2
88,MA37,AePub.LP10,24.93465,AePUb,Lep_P10,2,2
89,,AePub.LP10,,AePUb,Lep_P10,2,2
90,,AePub.LP10,,AePUb,Lep_P10,2,2
91,,AePub.LP10,,AePUb,Lep_P10,2,2
92,,AePub.LP10,,AePUb,Lep_P10,2,2
93,,AePub.LP10,,AePUb,Lep_P10,2,2
94,,AePub.LP10,,AePUb,Lep_P10,2,2
95,,AePub.LP10,,AePUb,Lep_P10,2,2
96,,AePub.LP10,,AePUb,Lep_P10,2,2
97,MA30,AePub.BLK10,14.70403,AePUb,Bom_K10,3,2
98,MA30,AePub.BLK10,13.23735,AePUb,Bom_K10,3,2
99,MA30,AePub.BLK10,12.26348,AePUb,Bom_K10,3,2
100,MA30,AePub.BLK10,9.642889,AePUb,Bom_K10,3,2
101,MA30,AePub.BLK10,9.051895,AePUb,Bom_K10,3,2
102,MA30,AePub.BLK10,8.575543,AePUb,Bom_K10,3,2
103,MA30,AePub.BLK10,11.47409,AePUb,Bom_K10,3,2
104,MA30,AePub.BLK10,9.660269,AePUb,Bom_K10,3,2
105,MA34,AePub.BLK10,10.85127,AePUb,Bom_K10,3,2
106,MA34,AePub.BLK10,14.26737,AePUb,Bom_K10,3,2
107,MA34,AePub.BLK10,9.574914,AePUb,Bom_K10,3,2
108,MA34,AePub.BLK10,9.83456,AePUb,Bom_K10,3,2
109,MA34,AePub.BLK10,9.224213,AePUb,Bom_K10,3,2
110,MA34,AePub.BLK10,9.12709,AePUb,Bom_K10,3,2
111,MA34,AePub.BLK10,7.630642,AePUb,Bom_K10,3,2
112,MA34,AePub.BLK10,7.064799,AePUb,Bom_K10,3,2
113,MA37,AePub.BLK10,14.18349,AePUb,Bom_K10,3,2
114,MA37,AePub.BLK10,8.662391,AePUb,Bom_K10,3,2
115,MA37,AePub.BLK10,6.780027,AePUb,Bom_K10,3,2
116,MA37,AePub.BLK10,6.317199,AePUb,Bom_K10,3,2
117,MA37,AePub.BLK10,7.674183,AePUb,Bom_K10,3,2
118,MA37,AePub.BLK10,5.848158,AePUb,Bom_K10,3,2
119,MA37,AePub.BLK10,7.39822,AePUb,Bom_K10,3,2
120,MA37,AePub.BLK10,6.26847,AePUb,Bom_K10,3,2
121,,AePub.BLK10,,AePUb,Bom_K10,3,2
122,,AePub.BLK10,,AePUb,Bom_K10,3,2
123,,AePub.BLK10,,AePUb,Bom_K10,3,2
124,,AePub.BLK10,,AePUb,Bom_K10,3,2
125,,AePub.BLK10,,AePUb,Bom_K10,3,2
126,,AePub.BLK10,,AePUb,Bom_K10,3,2
127,,AePub.BLK10,,AePUb,Bom_K10,3,2
128,,AePub.BLK10,,AePUb,Bom_K10,3,2
129,MA30,AePub..400..KSV40,1.213052,400AePub,Kozak_SV40,1,3
130,MA30,AePub..400..KSV40,0.68173,400AePub,Kozak_SV40,1,3
131,MA30,AePub..400..KSV40,0.881241,400AePub,Kozak_SV40,1,3
132,MA30,AePub..400..KSV40,0.61594,400AePub,Kozak_SV40,1,3
133,MA30,AePub..400..KSV40,0.678423,400AePub,Kozak_SV40,1,3
134,MA30,AePub..400..KSV40,0.516659,400AePub,Kozak_SV40,1,3
135,MA30,AePub..400..KSV40,0.497461,400AePub,Kozak_SV40,1,3
136,MA30,AePub..400..KSV40,0.706889,400AePub,Kozak_SV40,1,3
137,MA34,AePub..400..KSV40,0.434591,400AePub,Kozak_SV40,1,3
138,MA34,AePub..400..KSV40,0.386391,400AePub,Kozak_SV40,1,3
139,MA34,AePub..400..KSV40,0.372386,400AePub,Kozak_SV40,1,3
140,MA34,AePub..400..KSV40,0.316493,400AePub,Kozak_SV40,1,3
141,MA34,AePub..400..KSV40,0.291496,400AePub,Kozak_SV40,1,3
142,MA34,AePub..400..KSV40,0.289136,400AePub,Kozak_SV40,1,3
143,MA34,AePub..400..KSV40,0.369748,400AePub,Kozak_SV40,1,3
144,MA34,AePub..400..KSV40,0.304294,400AePub,Kozak_SV40,1,3
145,MA37,AePub..400..KSV40,1.274143,400AePub,Kozak_SV40,1,3
146,MA37,AePub..400..KSV40,0.747119,400AePub,Kozak_SV40,1,3
147,MA37,AePub..400..KSV40,0.591029,400AePub,Kozak_SV40,1,3
148,MA37,AePub..400..KSV40,0.431269,400AePub,Kozak_SV40,1,3
149,MA37,AePub..400..KSV40,0.41958,400AePub,Kozak_SV40,1,3
150,MA37,AePub..400..KSV40,0.40756,400AePub,Kozak_SV40,1,3
151,MA37,AePub..400..KSV40,0.423836,400AePub,Kozak_SV40,1,3
152,MA37,AePub..400..KSV40,0.504459,400AePub,Kozak_SV40,1,3
153,,AePub..400..KSV40,,400AePub,Kozak_SV40,1,3
154,,AePub..400..KSV40,,400AePub,Kozak_SV40,1,3
155,,AePub..400..KSV40,,400AePub,Kozak_SV40,1,3
156,,AePub..400..KSV40,,400AePub,Kozak_SV40,1,3
157,,AePub..400..KSV40,,400AePub,Kozak_SV40,1,3
158,,AePub..400..KSV40,,400AePub,Kozak_SV40,1,3
159,,AePub..400..KSV40,,400AePub,Kozak_SV40,1,3
160,,AePub..400..KSV40,,400AePub,Kozak_SV40,1,3
161,MA30,AePub..400..LP10,1.975244,400AePub,Lep_P10,2,3
162,MA30,AePub..400..LP10,1.906685,400AePub,Lep_P10,2,3
163,MA30,AePub..400..LP10,1.847143,400AePub,Lep_P10,2,3
164,MA30,AePub..400..LP10,1.681292,400AePub,Lep_P10,2,3
165,MA30,AePub..400..LP10,1.803656,400AePub,Lep_P10,2,3
166,MA30,AePub..400..LP10,1.428319,400AePub,Lep_P10,2,3
167,MA30,AePub..400..LP10,1.284229,400AePub,Lep_P10,2,3
168,MA30,AePub..400..LP10,1.674589,400AePub,Lep_P10,2,3
169,MA34,AePub..400..LP10,1.140725,400AePub,Lep_P10,2,3
170,MA34,AePub..400..LP10,1.056366,400AePub,Lep_P10,2,3
171,MA34,AePub..400..LP10,0.862409,400AePub,Lep_P10,2,3
172,MA34,AePub..400..LP10,1.014547,400AePub,Lep_P10,2,3
173,MA34,AePub..400..LP10,0.67614,400AePub,Lep_P10,2,3
174,MA34,AePub..400..LP10,0.637495,400AePub,Lep_P10,2,3
175,MA34,AePub..400..LP10,1.055654,400AePub,Lep_P10,2,3
176,MA34,AePub..400..LP10,0.845672,400AePub,Lep_P10,2,3
177,MA37,AePub..400..LP10,2.384379,400AePub,Lep_P10,2,3
178,MA37,AePub..400..LP10,1.410871,400AePub,Lep_P10,2,3
179,MA37,AePub..400..LP10,1.003154,400AePub,Lep_P10,2,3
180,MA37,AePub..400..LP10,0.852973,400AePub,Lep_P10,2,3
181,MA37,AePub..400..LP10,0.872535,400AePub,Lep_P10,2,3
182,MA37,AePub..400..LP10,0.713961,400AePub,Lep_P10,2,3
183,MA37,AePub..400..LP10,1.028296,400AePub,Lep_P10,2,3
184,MA37,AePub..400..LP10,1.083072,400AePub,Lep_P10,2,3
185,,AePub..400..LP10,,400AePub,Lep_P10,2,3
186,,AePub..400..LP10,,400AePub,Lep_P10,2,3
187,,AePub..400..LP10,,400AePub,Lep_P10,2,3
188,,AePub..400..LP10,,400AePub,Lep_P10,2,3
189,,AePub..400..LP10,,400AePub,Lep_P10,2,3
190,,AePub..400..LP10,,400AePub,Lep_P10,2,3
191,,AePub..400..LP10,,400AePub,Lep_P10,2,3
192,,AePub..400..LP10,,400AePub,Lep_P10,2,3
193,MA30,AePub..400..BLK10,0.242321,400AePub,Bom_K10,3,3
194,MA30,AePub..400..BLK10,0.231438,400AePub,Bom_K10,3,3
195,MA30,AePub..400..BLK10,0.272974,400AePub,Bom_K10,3,3
196,MA30,AePub..400..BLK10,0.32115,400AePub,Bom_K10,3,3
197,MA30,AePub..400..BLK10,0.260341,400AePub,Bom_K10,3,3
198,MA30,AePub..400..BLK10,0.175858,400AePub,Bom_K10,3,3
199,MA30,AePub..400..BLK10,0.163545,400AePub,Bom_K10,3,3
200,MA30,AePub..400..BLK10,0.219848,400AePub,Bom_K10,3,3
201,MA34,AePub..400..BLK10,0.140184,400AePub,Bom_K10,3,3
202,MA34,AePub..400..BLK10,0.201422,400AePub,Bom_K10,3,3
203,MA34,AePub..400..BLK10,0.16531,400AePub,Bom_K10,3,3
204,MA34,AePub..400..BLK10,0.151671,400AePub,Bom_K10,3,3
205,MA34,AePub..400..BLK10,0.133818,400AePub,Bom_K10,3,3
206,MA34,AePub..400..BLK10,0.112364,400AePub,Bom_K10,3,3
207,MA34,AePub..400..BLK10,0.138897,400AePub,Bom_K10,3,3
208,MA34,AePub..400..BLK10,0.088629,400AePub,Bom_K10,3,3
209,MA37,AePub..400..BLK10,0.215307,400AePub,Bom_K10,3,3
210,MA37,AePub..400..BLK10,0.181559,400AePub,Bom_K10,3,3
211,MA37,AePub..400..BLK10,0.148248,400AePub,Bom_K10,3,3
212,MA37,AePub..400..BLK10,0.10311,400AePub,Bom_K10,3,3
213,MA37,AePub..400..BLK10,0.07493,400AePub,Bom_K10,3,3
214,MA37,AePub..400..BLK10,0.089409,400AePub,Bom_K10,3,3
215,MA37,AePub..400..BLK10,0.124716,400AePub,Bom_K10,3,3
216,MA37,AePub..400..BLK10,0.139022,400AePub,Bom_K10,3,3
217,,AePub..400..BLK10,,400AePub,Bom_K10,3,3
218,,AePub..400..BLK10,,400AePub,Bom_K10,3,3
219,,AePub..400..BLK10,,400AePub,Bom_K10,3,3
220,,AePub..400..BLK10,,400AePub,Bom_K10,3,3
221,,AePub..400..BLK10,,400AePub,Bom_K10,3,3
222,,AePub..400..BLK10,,400AePub,Bom_K10,3,3
223,,AePub..400..BLK10,,400AePub,Bom_K10,3,3
224,,AePub..400..BLK10,,400AePub,Bom_K10,3,3
225,MA30,AePub..800..KSV40,13.15603,800AePUb,Kozak_SV40,1,4
226,MA30,AePub..800..KSV40,8.576379,800AePUb,Kozak_SV40,1,4
227,MA30,AePub..800..KSV40,6.284363,800AePUb,Kozak_SV40,1,4
228,MA30,AePub..800..KSV40,6.307405,800AePUb,Kozak_SV40,1,4
229,MA30,AePub..800..KSV40,7.460009,800AePUb,Kozak_SV40,1,4
230,MA30,AePub..800..KSV40,5.574839,800AePUb,Kozak_SV40,1,4
231,MA30,AePub..800..KSV40,5.647472,800AePUb,Kozak_SV40,1,4
232,MA30,AePub..800..KSV40,8.144369,800AePUb,Kozak_SV40,1,4
233,MA34,AePub..800..KSV40,4.172411,800AePUb,Kozak_SV40,1,4
234,MA34,AePub..800..KSV40,3.551613,800AePUb,Kozak_SV40,1,4
235,MA34,AePub..800..KSV40,4.008211,800AePUb,Kozak_SV40,1,4
236,MA34,AePub..800..KSV40,4.206791,800AePUb,Kozak_SV40,1,4
237,MA34,AePub..800..KSV40,4.05285,800AePUb,Kozak_SV40,1,4
238,MA34,AePub..800..KSV40,4.245223,800AePUb,Kozak_SV40,1,4
239,MA34,AePub..800..KSV40,2.462196,800AePUb,Kozak_SV40,1,4
240,MA34,AePub..800..KSV40,4.59874,800AePUb,Kozak_SV40,1,4
241,MA37,AePub..800..KSV40,10.00336,800AePUb,Kozak_SV40,1,4
242,MA37,AePub..800..KSV40,7.785187,800AePUb,Kozak_SV40,1,4
243,MA37,AePub..800..KSV40,6.139602,800AePUb,Kozak_SV40,1,4
244,MA37,AePub..800..KSV40,4.803983,800AePUb,Kozak_SV40,1,4
245,MA37,AePub..800..KSV40,3.513473,800AePUb,Kozak_SV40,1,4
246,MA37,AePub..800..KSV40,3.685682,800AePUb,Kozak_SV40,1,4
247,MA37,AePub..800..KSV40,5.686043,800AePUb,Kozak_SV40,1,4
248,MA37,AePub..800..KSV40,5.444872,800AePUb,Kozak_SV40,1,4
249,,AePub..800..KSV40,,800AePUb,Kozak_SV40,1,4
250,,AePub..800..KSV40,,800AePUb,Kozak_SV40,1,4
251,,AePub..800..KSV40,,800AePUb,Kozak_SV40,1,4
252,,AePub..800..KSV40,,800AePUb,Kozak_SV40,1,4
253,,AePub..800..KSV40,,800AePUb,Kozak_SV40,1,4
254,,AePub..800..KSV40,,800AePUb,Kozak_SV40,1,4
255,,AePub..800..KSV40,,800AePUb,Kozak_SV40,1,4
256,,AePub..800..KSV40,,800AePUb,Kozak_SV40,1,4
257,MA30,AePub..800..LP10,25.45287,800AePUb,Lep_P10,2,4
258,MA30,AePub..800..LP10,19.46996,800AePUb,Lep_P10,2,4
259,MA30,AePub..800..LP10,14.71679,800AePUb,Lep_P10,2,4
260,MA30,AePub..800..LP10,17.67823,800AePUb,Lep_P10,2,4
261,MA30,AePub..800..LP10,20.93989,800AePUb,Lep_P10,2,4
262,MA30,AePub..800..LP10,15.17716,800AePUb,Lep_P10,2,4
263,MA30,AePub..800..LP10,12.96158,800AePUb,Lep_P10,2,4
264,MA30,AePub..800..LP10,13.08841,800AePUb,Lep_P10,2,4
265,MA34,AePub..800..LP10,9.029047,800AePUb,Lep_P10,2,4
266,MA34,AePub..800..LP10,9.636986,800AePUb,Lep_P10,2,4
267,MA34,AePub..800..LP10,9.137171,800AePUb,Lep_P10,2,4
268,MA34,AePub..800..LP10,10.35659,800AePUb,Lep_P10,2,4
269,MA34,AePub..800..LP10,8.145701,800AePUb,Lep_P10,2,4
270,MA34,AePub..800..LP10,7.338867,800AePUb,Lep_P10,2,4
271,MA34,AePub..800..LP10,11.62857,800AePUb,Lep_P10,2,4
272,MA34,AePub..800..LP10,10.58441,800AePUb,Lep_P10,2,4
273,MA37,AePub..800..LP10,17.14817,800AePUb,Lep_P10,2,4
274,MA37,AePub..800..LP10,11.9839,800AePUb,Lep_P10,2,4
275,MA37,AePub..800..LP10,10.67198,800AePUb,Lep_P10,2,4
276,MA37,AePub..800..LP10,15.82749,800AePUb,Lep_P10,2,4
277,MA37,AePub..800..LP10,11.65463,800AePUb,Lep_P10,2,4
278,MA37,AePub..800..LP10,11.19564,800AePUb,Lep_P10,2,4
279,MA37,AePub..800..LP10,7.909549,800AePUb,Lep_P10,2,4
280,MA37,AePub..800..LP10,13.59873,800AePUb,Lep_P10,2,4
281,,AePub..800..LP10,,800AePUb,Lep_P10,2,4
282,,AePub..800..LP10,,800AePUb,Lep_P10,2,4
283,,AePub..800..LP10,,800AePUb,Lep_P10,2,4
284,,AePub..800..LP10,,800AePUb,Lep_P10,2,4
285,,AePub..800..LP10,,800AePUb,Lep_P10,2,4
286,,AePub..800..LP10,,800AePUb,Lep_P10,2,4
287,,AePub..800..LP10,,800AePUb,Lep_P10,2,4
288,,AePub..800..LP10,,800AePUb,Lep_P10,2,4
289,MA30,AePub..800..BLK10,3.295071,800AePUb,Bom_K10,3,4
290,MA30,AePub..800..BLK10,2.43027,800AePUb,Bom_K10,3,4
291,MA30,AePub..800..BLK10,2.623129,800AePUb,Bom_K10,3,4
292,MA30,AePub..800..BLK10,3.251815,800AePUb,Bom_K10,3,4
293,MA30,AePub..800..BLK10,2.188648,800AePUb,Bom_K10,3,4
294,MA30,AePub..800..BLK10,1.818636,800AePUb,Bom_K10,3,4
295,MA30,AePub..800..BLK10,1.81487,800AePUb,Bom_K10,3,4
296,MA30,AePub..800..BLK10,1.660628,800AePUb,Bom_K10,3,4
297,MA34,AePub..800..BLK10,1.28987,800AePUb,Bom_K10,3,4
298,MA34,AePub..800..BLK10,1.547736,800AePUb,Bom_K10,3,4
299,MA34,AePub..800..BLK10,1.495379,800AePUb,Bom_K10,3,4
300,MA34,AePub..800..BLK10,1.275379,800AePUb,Bom_K10,3,4
301,MA34,AePub..800..BLK10,1.047436,800AePUb,Bom_K10,3,4
302,MA34,AePub..800..BLK10,0.669744,800AePUb,Bom_K10,3,4
303,MA34,AePub..800..BLK10,1.000487,800AePUb,Bom_K10,3,4
304,MA34,AePub..800..BLK10,0.712359,800AePUb,Bom_K10,3,4
305,MA37,AePub..800..BLK10,1.297909,800AePUb,Bom_K10,3,4
306,MA37,AePub..800..BLK10,1.734017,800AePUb,Bom_K10,3,4
307,MA37,AePub..800..BLK10,1.187066,800AePUb,Bom_K10,3,4
308,MA37,AePub..800..BLK10,1.09227,800AePUb,Bom_K10,3,4
309,MA37,AePub..800..BLK10,0.8083,800AePUb,Bom_K10,3,4
310,MA37,AePub..800..BLK10,0.737775,800AePUb,Bom_K10,3,4
311,MA37,AePub..800..BLK10,0.803994,800AePUb,Bom_K10,3,4
312,MA37,AePub..800..BLK10,1.042293,800AePUb,Bom_K10,3,4
313,,AePub..800..BLK10,,800AePUb,Bom_K10,3,4
314,,AePub..800..BLK10,,800AePUb,Bom_K10,3,4
315,,AePub..800..BLK10,,800AePUb,Bom_K10,3,4
316,,AePub..800..BLK10,,800AePUb,Bom_K10,3,4
317,,AePub..800..BLK10,,800AePUb,Bom_K10,3,4
318,,AePub..800..BLK10,,800AePUb,Bom_K10,3,4
319,,AePub..800..BLK10,,800AePUb,Bom_K10,3,4
320,,AePub..800..BLK10,,800AePUb,Bom_K10,3,4
321,MA30,AeRps6.KSV40,0.013579,AeRps6,Kozak_SV40,1,10
322,MA30,AeRps6.KSV40,0.002816,AeRps6,Kozak_SV40,1,10
323,MA30,AeRps6.KSV40,0.003045,AeRps6,Kozak_SV40,1,10
324,MA30,AeRps6.KSV40,0.00219,AeRps6,Kozak_SV40,1,10
325,MA30,AeRps6.KSV40,0.002822,AeRps6,Kozak_SV40,1,10
326,MA30,AeRps6.KSV40,0.001951,AeRps6,Kozak_SV40,1,10
327,MA30,AeRps6.KSV40,0.002225,AeRps6,Kozak_SV40,1,10
328,MA30,AeRps6.KSV40,0.001965,AeRps6,Kozak_SV40,1,10
329,MA34,AeRps6.KSV40,0.002215,AeRps6,Kozak_SV40,1,10
330,MA34,AeRps6.KSV40,0.001383,AeRps6,Kozak_SV40,1,10
331,MA34,AeRps6.KSV40,0.001975,AeRps6,Kozak_SV40,1,10
332,MA34,AeRps6.KSV40,0.002098,AeRps6,Kozak_SV40,1,10
333,MA34,AeRps6.KSV40,0.001535,AeRps6,Kozak_SV40,1,10
334,MA34,AeRps6.KSV40,0.00132,AeRps6,Kozak_SV40,1,10
335,MA34,AeRps6.KSV40,0.001935,AeRps6,Kozak_SV40,1,10
336,MA34,AeRps6.KSV40,0.001205,AeRps6,Kozak_SV40,1,10
337,MA37,AeRps6.KSV40,0.008534,AeRps6,Kozak_SV40,1,10
338,MA37,AeRps6.KSV40,0.005511,AeRps6,Kozak_SV40,1,10
339,MA37,AeRps6.KSV40,0.00306,AeRps6,Kozak_SV40,1,10
340,MA37,AeRps6.KSV40,0.003712,AeRps6,Kozak_SV40,1,10
341,MA37,AeRps6.KSV40,0.003585,AeRps6,Kozak_SV40,1,10
342,MA37,AeRps6.KSV40,0.008159,AeRps6,Kozak_SV40,1,10
343,MA37,AeRps6.KSV40,0.004461,AeRps6,Kozak_SV40,1,10
344,MA37,AeRps6.KSV40,0.008507,AeRps6,Kozak_SV40,1,10
345,,AeRps6.KSV40,,AeRps6,Kozak_SV40,1,10
346,,AeRps6.KSV40,,AeRps6,Kozak_SV40,1,10
347,,AeRps6.KSV40,,AeRps6,Kozak_SV40,1,10
348,,AeRps6.KSV40,,AeRps6,Kozak_SV40,1,10
349,,AeRps6.KSV40,,AeRps6,Kozak_SV40,1,10
350,,AeRps6.KSV40,,AeRps6,Kozak_SV40,1,10
351,,AeRps6.KSV40,,AeRps6,Kozak_SV40,1,10
352,,AeRps6.KSV40,,AeRps6,Kozak_SV40,1,10
353,MA30,AeRps6.LP10,0.020505,AeRps6,Lep_P10,2,10
354,MA30,AeRps6.LP10,0.004163,AeRps6,Lep_P10,2,10
355,MA30,AeRps6.LP10,0.004456,AeRps6,Lep_P10,2,10
356,MA30,AeRps6.LP10,0.002443,AeRps6,Lep_P10,2,10
357,MA30,AeRps6.LP10,0.002603,AeRps6,Lep_P10,2,10
358,MA30,AeRps6.LP10,0.002151,AeRps6,Lep_P10,2,10
359,MA30,AeRps6.LP10,0.002782,AeRps6,Lep_P10,2,10
360,MA30,AeRps6.LP10,0.004028,AeRps6,Lep_P10,2,10
361,MA34,AeRps6.LP10,0.003223,AeRps6,Lep_P10,2,10
362,MA34,AeRps6.LP10,0.001601,AeRps6,Lep_P10,2,10
363,MA34,AeRps6.LP10,0.00168,AeRps6,Lep_P10,2,10
364,MA34,AeRps6.LP10,0.002342,AeRps6,Lep_P10,2,10
365,MA34,AeRps6.LP10,0.00175,AeRps6,Lep_P10,2,10
366,MA34,AeRps6.LP10,0.00156,AeRps6,Lep_P10,2,10
367,MA34,AeRps6.LP10,0.001354,AeRps6,Lep_P10,2,10
368,MA34,AeRps6.LP10,0.002639,AeRps6,Lep_P10,2,10
369,MA37,AeRps6.LP10,0.026667,AeRps6,Lep_P10,2,10
370,MA37,AeRps6.LP10,,AeRps6,Lep_P10,2,10
371,MA37,AeRps6.LP10,,AeRps6,Lep_P10,2,10
372,MA37,AeRps6.LP10,0.007282,AeRps6,Lep_P10,2,10
373,MA37,AeRps6.LP10,0.010376,AeRps6,Lep_P10,2,10
374,MA37,AeRps6.LP10,0.011643,AeRps6,Lep_P10,2,10
375,MA37,AeRps6.LP10,0.006505,AeRps6,Lep_P10,2,10
376,MA37,AeRps6.LP10,0.015133,AeRps6,Lep_P10,2,10
377,,AeRps6.LP10,,AeRps6,Lep_P10,2,10
378,,AeRps6.LP10,,AeRps6,Lep_P10,2,10
379,,AeRps6.LP10,,AeRps6,Lep_P10,2,10
380,,AeRps6.LP10,,AeRps6,Lep_P10,2,10
381,,AeRps6.LP10,,AeRps6,Lep_P10,2,10
382,,AeRps6.LP10,,AeRps6,Lep_P10,2,10
383,,AeRps6.LP10,,AeRps6,Lep_P10,2,10
384,,AeRps6.LP10,,AeRps6,Lep_P10,2,10
385,MA30,AeRps6.BLK10,0.033469,AeRps6,Bom_K10,3,10
386,MA30,AeRps6.BLK10,0.023353,AeRps6,Bom_K10,3,10
387,MA30,AeRps6.BLK10,0.007509,AeRps6,Bom_K10,3,10
388,MA30,AeRps6.BLK10,0.009008,AeRps6,Bom_K10,3,10
389,MA30,AeRps6.BLK10,0.017367,AeRps6,Bom_K10,3,10
390,MA30,AeRps6.BLK10,0.007206,AeRps6,Bom_K10,3,10
391,MA30,AeRps6.BLK10,0.021769,AeRps6,Bom_K10,3,10
392,MA30,AeRps6.BLK10,0.03148,AeRps6,Bom_K10,3,10
393,MA34,AeRps6.BLK10,0.00443,AeRps6,Bom_K10,3,10
394,MA34,AeRps6.BLK10,0.001213,AeRps6,Bom_K10,3,10
395,MA34,AeRps6.BLK10,0.000951,AeRps6,Bom_K10,3,10
396,MA34,AeRps6.BLK10,0.000756,AeRps6,Bom_K10,3,10
397,MA34,AeRps6.BLK10,0.000799,AeRps6,Bom_K10,3,10
398,MA34,AeRps6.BLK10,0.00068,AeRps6,Bom_K10,3,10
399,MA34,AeRps6.BLK10,0.001011,AeRps6,Bom_K10,3,10
400,MA34,AeRps6.BLK10,0.001836,AeRps6,Bom_K10,3,10
401,MA37,AeRps6.BLK10,0.080215,AeRps6,Bom_K10,3,10
402,MA37,AeRps6.BLK10,0.005252,AeRps6,Bom_K10,3,10
403,MA37,AeRps6.BLK10,0.00894,AeRps6,Bom_K10,3,10
404,MA37,AeRps6.BLK10,0.00709,AeRps6,Bom_K10,3,10
405,MA37,AeRps6.BLK10,0.007172,AeRps6,Bom_K10,3,10
406,MA37,AeRps6.BLK10,0.005928,AeRps6,Bom_K10,3,10
407,MA37,AeRps6.BLK10,0.009815,AeRps6,Bom_K10,3,10
408,MA37,AeRps6.BLK10,0.014702,AeRps6,Bom_K10,3,10
409,,AeRps6.BLK10,,AeRps6,Bom_K10,3,10
410,,AeRps6.BLK10,,AeRps6,Bom_K10,3,10
411,,AeRps6.BLK10,,AeRps6,Bom_K10,3,10
412,,AeRps6.BLK10,,AeRps6,Bom_K10,3,10
413,,AeRps6.BLK10,,AeRps6,Bom_K10,3,10
414,,AeRps6.BLK10,,AeRps6,Bom_K10,3,10
415,,AeRps6.BLK10,,AeRps6,Bom_K10,3,10
416,,AeRps6.BLK10,,AeRps6,Bom_K10,3,10
417,MA30,AlbPub.KSV40,48.97289,AlbPub,Kozak_SV40,,
418,MA30,AlbPub.KSV40,34.11695,AlbPub,Kozak_SV40,,
419,MA30,AlbPub.KSV40,20.27661,AlbPub,Kozak_SV40,,
420,MA30,AlbPub.KSV40,21.87574,AlbPub,Kozak_SV40,,
421,MA30,AlbPub.KSV40,23.68077,AlbPub,Kozak_SV40,,
422,MA30,AlbPub.KSV40,21.17014,AlbPub,Kozak_SV40,,
423,MA30,AlbPub.KSV40,20.76989,AlbPub,Kozak_SV40,,
424,MA30,AlbPub.KSV40,34.89228,AlbPub,Kozak_SV40,,
425,MA34,AlbPub.KSV40,9.67948,AlbPub,Kozak_SV40,,
426,MA34,AlbPub.KSV40,12.44693,AlbPub,Kozak_SV40,,
427,MA34,AlbPub.KSV40,16.01225,AlbPub,Kozak_SV40,,
428,MA34,AlbPub.KSV40,15.04937,AlbPub,Kozak_SV40,,
429,MA34,AlbPub.KSV40,12.94096,AlbPub,Kozak_SV40,,
430,MA34,AlbPub.KSV40,16.04976,AlbPub,Kozak_SV40,,
431,MA34,AlbPub.KSV40,12.44201,AlbPub,Kozak_SV40,,
432,MA34,AlbPub.KSV40,15.00035,AlbPub,Kozak_SV40,,
,,AlbPub.Bom_K10,,AlbPub,Bom_K10,,
,,AlbPub.LepP10,,AlbPub,Lep_P10,,
433,MA37,AlbPub.KSV40,50.50381,AlbPub,Kozak_SV40,,
434,MA37,AlbPub.KSV40,32.33443,AlbPub,Kozak_SV40,,
435,MA37,AlbPub.KSV40,37.64593,AlbPub,Kozak_SV40,,
436,MA37,AlbPub.KSV40,40.88379,AlbPub,Kozak_SV40,,
437,MA37,AlbPub.KSV40,33.15221,AlbPub,Kozak_SV40,,
438,MA37,AlbPub.KSV40,35.38484,AlbPub,Kozak_SV40,,
439,MA37,AlbPub.KSV40,28.58349,AlbPub,Kozak_SV40,,
440,MA37,AlbPub.KSV40,44.65975,AlbPub,Kozak_SV40,,
441,,AlbPub.KSV40,,AlbPub,Kozak_SV40,,
442,,AlbPub.KSV40,,AlbPub,Kozak_SV40,,
443,,AlbPub.KSV40,,AlbPub,Kozak_SV40,,
444,,AlbPub.KSV40,,AlbPub,Kozak_SV40,,
445,,AlbPub.KSV40,,AlbPub,Kozak_SV40,,
446,,AlbPub.KSV40,,AlbPub,Kozak_SV40,,
447,,AlbPub.KSV40,,AlbPub,Kozak_SV40,,
448,,AlbPub.KSV40,,AlbPub,Kozak_SV40,,
449,MA30,Hsp83.KSV40,3.127277,Hsp83,Kozak_SV40,1,5
450,MA30,Hsp83.KSV40,1.64583,Hsp83,Kozak_SV40,1,5
451,MA30,Hsp83.KSV40,1.751562,Hsp83,Kozak_SV40,1,5
452,MA30,Hsp83.KSV40,1.892676,Hsp83,Kozak_SV40,1,5
453,MA30,Hsp83.KSV40,1.669265,Hsp83,Kozak_SV40,1,5
454,MA30,Hsp83.KSV40,1.308685,Hsp83,Kozak_SV40,1,5
455,MA30,Hsp83.KSV40,0.863005,Hsp83,Kozak_SV40,1,5
456,MA30,Hsp83.KSV40,1.825532,Hsp83,Kozak_SV40,1,5
457,MA34,Hsp83.KSV40,1.099571,Hsp83,Kozak_SV40,1,5
458,MA34,Hsp83.KSV40,1.029446,Hsp83,Kozak_SV40,1,5
459,MA34,Hsp83.KSV40,1.114772,Hsp83,Kozak_SV40,1,5
460,MA34,Hsp83.KSV40,0.976073,Hsp83,Kozak_SV40,1,5
461,MA34,Hsp83.KSV40,0.969357,Hsp83,Kozak_SV40,1,5
462,MA34,Hsp83.KSV40,1.059667,Hsp83,Kozak_SV40,1,5
463,MA34,Hsp83.KSV40,0.696403,Hsp83,Kozak_SV40,1,5
464,MA34,Hsp83.KSV40,0.867541,Hsp83,Kozak_SV40,1,5
465,MA37,Hsp83.KSV40,3.488881,Hsp83,Kozak_SV40,1,5
466,MA37,Hsp83.KSV40,2.925154,Hsp83,Kozak_SV40,1,5
467,MA37,Hsp83.KSV40,2.134912,Hsp83,Kozak_SV40,1,5
468,MA37,Hsp83.KSV40,2.236707,Hsp83,Kozak_SV40,1,5
469,MA37,Hsp83.KSV40,2.308948,Hsp83,Kozak_SV40,1,5
470,MA37,Hsp83.KSV40,2.333805,Hsp83,Kozak_SV40,1,5
471,MA37,Hsp83.KSV40,2.282392,Hsp83,Kozak_SV40,1,5
472,MA37,Hsp83.KSV40,2.541517,Hsp83,Kozak_SV40,1,5
473,,Hsp83.KSV40,,Hsp83,Kozak_SV40,1,5
474,,Hsp83.KSV40,,Hsp83,Kozak_SV40,1,5
475,,Hsp83.KSV40,,Hsp83,Kozak_SV40,1,5
476,,Hsp83.KSV40,,Hsp83,Kozak_SV40,1,5
477,,Hsp83.KSV40,,Hsp83,Kozak_SV40,1,5
478,,Hsp83.KSV40,,Hsp83,Kozak_SV40,1,5
479,,Hsp83.KSV40,,Hsp83,Kozak_SV40,1,5
480,,Hsp83.KSV40,,Hsp83,Kozak_SV40,1,5
481,MA30,Hsp83.LP10,6.814802,Hsp83,Lep_P10,2,5
482,MA30,Hsp83.LP10,5.804716,Hsp83,Lep_P10,2,5
483,MA30,Hsp83.LP10,5.073636,Hsp83,Lep_P10,2,5
484,MA30,Hsp83.LP10,4.302652,Hsp83,Lep_P10,2,5
485,MA30,Hsp83.LP10,4.679514,Hsp83,Lep_P10,2,5
486,MA30,Hsp83.LP10,4.468323,Hsp83,Lep_P10,2,5
487,MA30,Hsp83.LP10,4.174201,Hsp83,Lep_P10,2,5
488,MA30,Hsp83.LP10,4.519718,Hsp83,Lep_P10,2,5
489,MA34,Hsp83.LP10,1.983928,Hsp83,Lep_P10,2,5
490,MA34,Hsp83.LP10,2.802349,Hsp83,Lep_P10,2,5
491,MA34,Hsp83.LP10,1.919303,Hsp83,Lep_P10,2,5
492,MA34,Hsp83.LP10,3.008725,Hsp83,Lep_P10,2,5
493,MA34,Hsp83.LP10,3.285551,Hsp83,Lep_P10,2,5
494,MA34,Hsp83.LP10,3.19751,Hsp83,Lep_P10,2,5
495,MA34,Hsp83.LP10,2.185275,Hsp83,Lep_P10,2,5
496,MA34,Hsp83.LP10,2.097393,Hsp83,Lep_P10,2,5
497,MA37,Hsp83.LP10,7.97364,Hsp83,Lep_P10,2,5
498,MA37,Hsp83.LP10,5.766681,Hsp83,Lep_P10,2,5
499,MA37,Hsp83.LP10,5.126181,Hsp83,Lep_P10,2,5
500,MA37,Hsp83.LP10,6.755227,Hsp83,Lep_P10,2,5
501,MA37,Hsp83.LP10,5.374068,Hsp83,Lep_P10,2,5
502,MA37,Hsp83.LP10,6.100147,Hsp83,Lep_P10,2,5
503,MA37,Hsp83.LP10,5.111553,Hsp83,Lep_P10,2,5
504,MA37,Hsp83.LP10,7.023207,Hsp83,Lep_P10,2,5
505,,Hsp83.LP10,,Hsp83,Lep_P10,2,5
506,,Hsp83.LP10,,Hsp83,Lep_P10,2,5
507,,Hsp83.LP10,,Hsp83,Lep_P10,2,5
508,,Hsp83.LP10,,Hsp83,Lep_P10,2,5
509,,Hsp83.LP10,,Hsp83,Lep_P10,2,5
510,,Hsp83.LP10,,Hsp83,Lep_P10,2,5
511,,Hsp83.LP10,,Hsp83,Lep_P10,2,5
512,,Hsp83.LP10,,Hsp83,Lep_P10,2,5
513,MA30,Hsp83.BLK10,0.4125,Hsp83,Bom_K10,3,5
514,MA30,Hsp83.BLK10,0.256616,Hsp83,Bom_K10,3,5
515,MA30,Hsp83.BLK10,0.373231,Hsp83,Bom_K10,3,5
516,MA30,Hsp83.BLK10,0.28112,Hsp83,Bom_K10,3,5
517,MA30,Hsp83.BLK10,0.283916,Hsp83,Bom_K10,3,5
518,MA30,Hsp83.BLK10,0.305906,Hsp83,Bom_K10,3,5
519,MA30,Hsp83.BLK10,0.209627,Hsp83,Bom_K10,3,5
520,MA30,Hsp83.BLK10,0.241313,Hsp83,Bom_K10,3,5
521,MA34,Hsp83.BLK10,0.185401,Hsp83,Bom_K10,3,5
522,MA34,Hsp83.BLK10,0.168223,Hsp83,Bom_K10,3,5
523,MA34,Hsp83.BLK10,0.28589,Hsp83,Bom_K10,3,5
524,MA34,Hsp83.BLK10,0.232557,Hsp83,Bom_K10,3,5
525,MA34,Hsp83.BLK10,0.25304,Hsp83,Bom_K10,3,5
526,MA34,Hsp83.BLK10,0.185391,Hsp83,Bom_K10,3,5
527,MA34,Hsp83.BLK10,0.227795,Hsp83,Bom_K10,3,5
528,MA34,Hsp83.BLK10,0.165177,Hsp83,Bom_K10,3,5
529,MA37,Hsp83.BLK10,0.452799,Hsp83,Bom_K10,3,5
530,MA37,Hsp83.BLK10,0.435647,Hsp83,Bom_K10,3,5
531,MA37,Hsp83.BLK10,0.475614,Hsp83,Bom_K10,3,5
532,MA37,Hsp83.BLK10,0.42718,Hsp83,Bom_K10,3,5
533,MA37,Hsp83.BLK10,0.379912,Hsp83,Bom_K10,3,5
534,MA37,Hsp83.BLK10,0.274614,Hsp83,Bom_K10,3,5
535,MA37,Hsp83.BLK10,0.295985,Hsp83,Bom_K10,3,5
536,MA37,Hsp83.BLK10,0.361243,Hsp83,Bom_K10,3,5
537,,Hsp83.BLK10,,Hsp83,Bom_K10,3,5
538,,Hsp83.BLK10,,Hsp83,Bom_K10,3,5
539,,Hsp83.BLK10,,Hsp83,Bom_K10,3,5
540,,Hsp83.BLK10,,Hsp83,Bom_K10,3,5
541,,Hsp83.BLK10,,Hsp83,Bom_K10,3,5
542,,Hsp83.BLK10,,Hsp83,Bom_K10,3,5
543,,Hsp83.BLK10,,Hsp83,Bom_K10,3,5
544,,Hsp83.BLK10,,Hsp83,Bom_K10,3,5
545,MA30,Hsp83..short..KSV40,2.871519,shortHsp83,Kozak_SV40,1,6
546,MA30,Hsp83..short..KSV40,1.598487,shortHsp83,Kozak_SV40,1,6
547,MA30,Hsp83..short..KSV40,1.565076,shortHsp83,Kozak_SV40,1,6
548,MA30,Hsp83..short..KSV40,1.641874,shortHsp83,Kozak_SV40,1,6
549,MA30,Hsp83..short..KSV40,1.700284,shortHsp83,Kozak_SV40,1,6
550,MA30,Hsp83..short..KSV40,1.459884,shortHsp83,Kozak_SV40,1,6
551,MA30,Hsp83..short..KSV40,1.350324,shortHsp83,Kozak_SV40,1,6
552,MA30,Hsp83..short..KSV40,1.888302,shortHsp83,Kozak_SV40,1,6
553,MA34,Hsp83..short..KSV40,1.325164,shortHsp83,Kozak_SV40,1,6
554,MA34,Hsp83..short..KSV40,1.300102,shortHsp83,Kozak_SV40,1,6
555,MA34,Hsp83..short..KSV40,1.08761,shortHsp83,Kozak_SV40,1,6
556,MA34,Hsp83..short..KSV40,1.180714,shortHsp83,Kozak_SV40,1,6
557,MA34,Hsp83..short..KSV40,1.285083,shortHsp83,Kozak_SV40,1,6
558,MA34,Hsp83..short..KSV40,1.043293,shortHsp83,Kozak_SV40,1,6
559,MA34,Hsp83..short..KSV40,0.864513,shortHsp83,Kozak_SV40,1,6
560,MA34,Hsp83..short..KSV40,1.370897,shortHsp83,Kozak_SV40,1,6
561,MA37,Hsp83..short..KSV40,4.217123,shortHsp83,Kozak_SV40,1,6
562,MA37,Hsp83..short..KSV40,2.916901,shortHsp83,Kozak_SV40,1,6
563,MA37,Hsp83..short..KSV40,3.093939,shortHsp83,Kozak_SV40,1,6
564,MA37,Hsp83..short..KSV40,2.712332,shortHsp83,Kozak_SV40,1,6
565,MA37,Hsp83..short..KSV40,2.599037,shortHsp83,Kozak_SV40,1,6
566,MA37,Hsp83..short..KSV40,2.230092,shortHsp83,Kozak_SV40,1,6
567,MA37,Hsp83..short..KSV40,2.253641,shortHsp83,Kozak_SV40,1,6
568,MA37,Hsp83..short..KSV40,3.814077,shortHsp83,Kozak_SV40,1,6
569,,Hsp83..short..KSV40,,shortHsp83,Kozak_SV40,1,6
570,,Hsp83..short..KSV40,,shortHsp83,Kozak_SV40,1,6
571,,Hsp83..short..KSV40,,shortHsp83,Kozak_SV40,1,6
572,,Hsp83..short..KSV40,,shortHsp83,Kozak_SV40,1,6
573,,Hsp83..short..KSV40,,shortHsp83,Kozak_SV40,1,6
574,,Hsp83..short..KSV40,,shortHsp83,Kozak_SV40,1,6
575,,Hsp83..short..KSV40,,shortHsp83,Kozak_SV40,1,6
576,,Hsp83..short..KSV40,,shortHsp83,Kozak_SV40,1,6
577,MA30,Hsp83..short..LP10,8.644896,shortHsp83,Lep_P10,2,6
578,MA30,Hsp83..short..LP10,4.811958,shortHsp83,Lep_P10,2,6
579,MA30,Hsp83..short..LP10,7.911729,shortHsp83,Lep_P10,2,6
580,MA30,Hsp83..short..LP10,5.429257,shortHsp83,Lep_P10,2,6
581,MA30,Hsp83..short..LP10,5.224443,shortHsp83,Lep_P10,2,6
582,MA30,Hsp83..short..LP10,4.31564,shortHsp83,Lep_P10,2,6
583,MA30,Hsp83..short..LP10,4.701013,shortHsp83,Lep_P10,2,6
584,MA30,Hsp83..short..LP10,5.506075,shortHsp83,Lep_P10,2,6
585,MA34,Hsp83..short..LP10,4.254536,shortHsp83,Lep_P10,2,6
586,MA34,Hsp83..short..LP10,3.162548,shortHsp83,Lep_P10,2,6
587,MA34,Hsp83..short..LP10,4.049707,shortHsp83,Lep_P10,2,6
588,MA34,Hsp83..short..LP10,3.779809,shortHsp83,Lep_P10,2,6
589,MA34,Hsp83..short..LP10,3.111463,shortHsp83,Lep_P10,2,6
590,MA34,Hsp83..short..LP10,3.537787,shortHsp83,Lep_P10,2,6
591,MA34,Hsp83..short..LP10,3.56882,shortHsp83,Lep_P10,2,6
592,MA34,Hsp83..short..LP10,4.391527,shortHsp83,Lep_P10,2,6
593,MA37,Hsp83..short..LP10,9.346907,shortHsp83,Lep_P10,2,6
594,MA37,Hsp83..short..LP10,8.894821,shortHsp83,Lep_P10,2,6
595,MA37,Hsp83..short..LP10,7.543755,shortHsp83,Lep_P10,2,6
596,MA37,Hsp83..short..LP10,5.149567,shortHsp83,Lep_P10,2,6
597,MA37,Hsp83..short..LP10,5.800345,shortHsp83,Lep_P10,2,6
598,MA37,Hsp83..short..LP10,5.512877,shortHsp83,Lep_P10,2,6
599,MA37,Hsp83..short..LP10,6.245705,shortHsp83,Lep_P10,2,6
600,MA37,Hsp83..short..LP10,11.44021,shortHsp83,Lep_P10,2,6
601,,Hsp83..short..LP10,,shortHsp83,Lep_P10,2,6
602,,Hsp83..short..LP10,,shortHsp83,Lep_P10,2,6
603,,Hsp83..short..LP10,,shortHsp83,Lep_P10,2,6
604,,Hsp83..short..LP10,,shortHsp83,Lep_P10,2,6
605,,Hsp83..short..LP10,,shortHsp83,Lep_P10,2,6
606,,Hsp83..short..LP10,,shortHsp83,Lep_P10,2,6
607,,Hsp83..short..LP10,,shortHsp83,Lep_P10,2,6
608,,Hsp83..short..LP10,,shortHsp83,Lep_P10,2,6
609,MA30,Hsp83..short..BLK10,0.538011,shortHsp83,Bom_K10,2,6
610,MA30,Hsp83..short..BLK10,0.328506,shortHsp83,Bom_K10,3,6
611,MA30,Hsp83..short..BLK10,0.51684,shortHsp83,Bom_K10,3,6
612,MA30,Hsp83..short..BLK10,0.443465,shortHsp83,Bom_K10,3,6
613,MA30,Hsp83..short..BLK10,0.428636,shortHsp83,Bom_K10,3,6
614,MA30,Hsp83..short..BLK10,0.339753,shortHsp83,Bom_K10,3,6
615,MA30,Hsp83..short..BLK10,0.280264,shortHsp83,Bom_K10,3,6
616,MA30,Hsp83..short..BLK10,0.317463,shortHsp83,Bom_K10,3,6
617,MA34,Hsp83..short..BLK10,0.279688,shortHsp83,Bom_K10,3,6
618,MA34,Hsp83..short..BLK10,0.319425,shortHsp83,Bom_K10,3,6
619,MA34,Hsp83..short..BLK10,0.275505,shortHsp83,Bom_K10,3,6
620,MA34,Hsp83..short..BLK10,0.340789,shortHsp83,Bom_K10,3,6
621,MA34,Hsp83..short..BLK10,0.349983,shortHsp83,Bom_K10,3,6
622,MA34,Hsp83..short..BLK10,0.286287,shortHsp83,Bom_K10,3,6
623,MA34,Hsp83..short..BLK10,0.249637,shortHsp83,Bom_K10,3,6
624,MA34,Hsp83..short..BLK10,0.288216,shortHsp83,Bom_K10,3,6
625,MA37,Hsp83..short..BLK10,0.5788,shortHsp83,Bom_K10,3,6
626,MA37,Hsp83..short..BLK10,0.537936,shortHsp83,Bom_K10,3,6
627,MA37,Hsp83..short..BLK10,0.620948,shortHsp83,Bom_K10,3,6
628,MA37,Hsp83..short..BLK10,0.549981,shortHsp83,Bom_K10,3,6
629,MA37,Hsp83..short..BLK10,0.464526,shortHsp83,Bom_K10,3,6
630,MA37,Hsp83..short..BLK10,0.552498,shortHsp83,Bom_K10,3,6
631,MA37,Hsp83..short..BLK10,0.415341,shortHsp83,Bom_K10,3,6
632,MA37,Hsp83..short..BLK10,0.555366,shortHsp83,Bom_K10,3,6
633,,Hsp83..short..BLK10,,shortHsp83,Bom_K10,3,6
634,,Hsp83..short..BLK10,,shortHsp83,Bom_K10,3,6
635,,Hsp83..short..BLK10,,shortHsp83,Bom_K10,3,6
636,,Hsp83..short..BLK10,,shortHsp83,Bom_K10,3,6
637,,Hsp83..short..BLK10,,shortHsp83,Bom_K10,3,6
638,,Hsp83..short..BLK10,,shortHsp83,Bom_K10,3,6
639,,Hsp83..short..BLK10,,shortHsp83,Bom_K10,3,6
640,,Hsp83..short..BLK10,,shortHsp83,Bom_K10,3,6
641,MA30,OpIE2.KSV40,0.962331,OpIE2,Kozak_SV40,1,7
642,MA30,OpIE2.KSV40,0.937528,OpIE2,Kozak_SV40,1,7
643,MA30,OpIE2.KSV40,0.948217,OpIE2,Kozak_SV40,1,7
644,MA30,OpIE2.KSV40,0.894517,OpIE2,Kozak_SV40,1,7
645,MA30,OpIE2.KSV40,0.903987,OpIE2,Kozak_SV40,1,7
646,MA30,OpIE2.KSV40,0.7401,OpIE2,Kozak_SV40,1,7
647,MA30,OpIE2.KSV40,0.735145,OpIE2,Kozak_SV40,1,7
648,MA30,OpIE2.KSV40,0.823159,OpIE2,Kozak_SV40,1,7
649,MA34,OpIE2.KSV40,0.641935,OpIE2,Kozak_SV40,1,7
650,MA34,OpIE2.KSV40,0.654687,OpIE2,Kozak_SV40,1,7
651,MA34,OpIE2.KSV40,0.86788,OpIE2,Kozak_SV40,1,7
652,MA34,OpIE2.KSV40,0.72577,OpIE2,Kozak_SV40,1,7
653,MA34,OpIE2.KSV40,0.701022,OpIE2,Kozak_SV40,1,7
654,MA34,OpIE2.KSV40,0.694591,OpIE2,Kozak_SV40,1,7
655,MA34,OpIE2.KSV40,0.76547,OpIE2,Kozak_SV40,1,7
656,MA34,OpIE2.KSV40,0.776807,OpIE2,Kozak_SV40,1,7
657,MA37,OpIE2.KSV40,1.04508,OpIE2,Kozak_SV40,1,7
658,MA37,OpIE2.KSV40,1.027183,OpIE2,Kozak_SV40,1,7
659,MA37,OpIE2.KSV40,0.90099,OpIE2,Kozak_SV40,1,7
660,MA37,OpIE2.KSV40,0.842854,OpIE2,Kozak_SV40,1,7
661,MA37,OpIE2.KSV40,0.832529,OpIE2,Kozak_SV40,1,7
662,MA37,OpIE2.KSV40,0.705117,OpIE2,Kozak_SV40,1,7
663,MA37,OpIE2.KSV40,0.703196,OpIE2,Kozak_SV40,1,7
664,MA37,OpIE2.KSV40,0.641259,OpIE2,Kozak_SV40,1,7
665,,OpIE2.KSV40,,OpIE2,Kozak_SV40,1,7
666,,OpIE2.KSV40,,OpIE2,Kozak_SV40,1,7
667,,OpIE2.KSV40,,OpIE2,Kozak_SV40,1,7
668,,OpIE2.KSV40,,OpIE2,Kozak_SV40,1,7
669,,OpIE2.KSV40,,OpIE2,Kozak_SV40,1,7
670,,OpIE2.KSV40,,OpIE2,Kozak_SV40,1,7
671,,OpIE2.KSV40,,OpIE2,Kozak_SV40,1,7
672,,OpIE2.KSV40,,OpIE2,Kozak_SV40,1,7
673,MA30,OpIE2.LP10,14.05254,OpIE2,Lep_P10,2,7
674,MA30,OpIE2.LP10,9.813874,OpIE2,Lep_P10,2,7
675,MA30,OpIE2.LP10,8.460994,OpIE2,Lep_P10,2,7
676,MA30,OpIE2.LP10,12.01979,OpIE2,Lep_P10,2,7
677,MA30,OpIE2.LP10,9.280001,OpIE2,Lep_P10,2,7
678,MA30,OpIE2.LP10,9.217619,OpIE2,Lep_P10,2,7
679,MA30,OpIE2.LP10,8.703508,OpIE2,Lep_P10,2,7
680,MA30,OpIE2.LP10,7.067839,OpIE2,Lep_P10,2,7
681,MA34,OpIE2.LP10,6.695914,OpIE2,Lep_P10,2,7
682,MA34,OpIE2.LP10,7.192615,OpIE2,Lep_P10,2,7
683,MA34,OpIE2.LP10,11.95766,OpIE2,Lep_P10,2,7
684,MA34,OpIE2.LP10,8.133566,OpIE2,Lep_P10,2,7
685,MA34,OpIE2.LP10,8.485242,OpIE2,Lep_P10,2,7
686,MA34,OpIE2.LP10,10.63294,OpIE2,Lep_P10,2,7
687,MA34,OpIE2.LP10,7.530953,OpIE2,Lep_P10,2,7
688,MA34,OpIE2.LP10,5.958105,OpIE2,Lep_P10,2,7
689,MA37,OpIE2.LP10,11.02802,OpIE2,Lep_P10,2,7
690,MA37,OpIE2.LP10,11.19113,OpIE2,Lep_P10,2,7
691,MA37,OpIE2.LP10,8.476171,OpIE2,Lep_P10,2,7
692,MA37,OpIE2.LP10,7.739945,OpIE2,Lep_P10,2,7
693,MA37,OpIE2.LP10,8.400249,OpIE2,Lep_P10,2,7
694,MA37,OpIE2.LP10,8.91154,OpIE2,Lep_P10,2,7
695,MA37,OpIE2.LP10,5.664284,OpIE2,Lep_P10,2,7
696,MA37,OpIE2.LP10,7.304249,OpIE2,Lep_P10,2,7
697,,OpIE2.LP10,,OpIE2,Lep_P10,2,7
698,,OpIE2.LP10,,OpIE2,Lep_P10,2,7
699,,OpIE2.LP10,,OpIE2,Lep_P10,2,7
700,,OpIE2.LP10,,OpIE2,Lep_P10,2,7
701,,OpIE2.LP10,,OpIE2,Lep_P10,2,7
702,,OpIE2.LP10,,OpIE2,Lep_P10,2,7
703,,OpIE2.LP10,,OpIE2,Lep_P10,2,7
704,,OpIE2.LP10,,OpIE2,Lep_P10,2,7
705,MA30,OpIE2.BLK10,0.328855,OpIE2,Bom_K10,3,7
706,MA30,OpIE2.BLK10,0.483978,OpIE2,Bom_K10,3,7
707,MA30,OpIE2.BLK10,0.638605,OpIE2,Bom_K10,3,7
708,MA30,OpIE2.BLK10,0.706263,OpIE2,Bom_K10,3,7
709,MA30,OpIE2.BLK10,0.660266,OpIE2,Bom_K10,3,7
710,MA30,OpIE2.BLK10,0.450259,OpIE2,Bom_K10,3,7
711,MA30,OpIE2.BLK10,0.401915,OpIE2,Bom_K10,3,7
712,MA30,OpIE2.BLK10,0.233715,OpIE2,Bom_K10,3,7
713,MA34,OpIE2.BLK10,0.382702,OpIE2,Bom_K10,3,7
714,MA34,OpIE2.BLK10,0.542661,OpIE2,Bom_K10,3,7
715,MA34,OpIE2.BLK10,1.026108,OpIE2,Bom_K10,3,7
716,MA34,OpIE2.BLK10,0.706448,OpIE2,Bom_K10,3,7
717,MA34,OpIE2.BLK10,0.816859,OpIE2,Bom_K10,3,7
718,MA34,OpIE2.BLK10,1.298478,OpIE2,Bom_K10,3,7
719,MA34,OpIE2.BLK10,0.370764,OpIE2,Bom_K10,3,7
720,MA34,OpIE2.BLK10,0.259438,OpIE2,Bom_K10,3,7
721,MA37,OpIE2.BLK10,0.252559,OpIE2,Bom_K10,3,7
722,MA37,OpIE2.BLK10,0.328423,OpIE2,Bom_K10,3,7
723,MA37,OpIE2.BLK10,0.259144,OpIE2,Bom_K10,3,7
724,MA37,OpIE2.BLK10,0.256625,OpIE2,Bom_K10,3,7
725,MA37,OpIE2.BLK10,0.358036,OpIE2,Bom_K10,3,7
726,MA37,OpIE2.BLK10,0.250339,OpIE2,Bom_K10,3,7
727,MA37,OpIE2.BLK10,0.221778,OpIE2,Bom_K10,3,7
728,MA37,OpIE2.BLK10,0.143735,OpIE2,Bom_K10,3,7
729,,OpIE2.BLK10,,OpIE2,Bom_K10,3,7
730,,OpIE2.BLK10,,OpIE2,Bom_K10,3,7
731,,OpIE2.BLK10,,OpIE2,Bom_K10,3,7
732,,OpIE2.BLK10,,OpIE2,Bom_K10,3,7
733,,OpIE2.BLK10,,OpIE2,Bom_K10,3,7
734,,OpIE2.BLK10,,OpIE2,Bom_K10,3,7
735,,OpIE2.BLK10,,OpIE2,Bom_K10,3,7
736,,OpIE2.BLK10,,OpIE2,Bom_K10,3,7
737,MA30,CqPUb.KSV40,0.16014,CqPUb,Kozak_SV40,1,8
738,MA30,CqPUb.KSV40,0.20133,CqPUb,Kozak_SV40,1,8
739,MA30,CqPUb.KSV40,0.120294,CqPUb,Kozak_SV40,1,8
740,MA30,CqPUb.KSV40,0.084786,CqPUb,Kozak_SV40,1,8
741,MA30,CqPUb.KSV40,0.110812,CqPUb,Kozak_SV40,1,8
742,MA30,CqPUb.KSV40,0.116945,CqPUb,Kozak_SV40,1,8
743,MA30,CqPUb.KSV40,0.138775,CqPUb,Kozak_SV40,1,8
744,MA30,CqPUb.KSV40,0.118434,CqPUb,Kozak_SV40,1,8
745,MA34,CqPUb.KSV40,0.074518,CqPUb,Kozak_SV40,1,8
746,MA34,CqPUb.KSV40,0.104137,CqPUb,Kozak_SV40,1,8
747,MA34,CqPUb.KSV40,0.037418,CqPUb,Kozak_SV40,1,8
748,MA34,CqPUb.KSV40,0.060489,CqPUb,Kozak_SV40,1,8
749,MA34,CqPUb.KSV40,0.054407,CqPUb,Kozak_SV40,1,8
750,MA34,CqPUb.KSV40,0.051927,CqPUb,Kozak_SV40,1,8
751,MA34,CqPUb.KSV40,0.066592,CqPUb,Kozak_SV40,1,8
752,MA34,CqPUb.KSV40,0.065723,CqPUb,Kozak_SV40,1,8
753,MA37,CqPUb.KSV40,0.155977,CqPUb,Kozak_SV40,1,8
754,MA37,CqPUb.KSV40,0.093463,CqPUb,Kozak_SV40,1,8
755,MA37,CqPUb.KSV40,0.155525,CqPUb,Kozak_SV40,1,8
756,MA37,CqPUb.KSV40,0.141185,CqPUb,Kozak_SV40,1,8
757,MA37,CqPUb.KSV40,0.116554,CqPUb,Kozak_SV40,1,8
758,MA37,CqPUb.KSV40,0.143438,CqPUb,Kozak_SV40,1,8
759,MA37,CqPUb.KSV40,0.135995,CqPUb,Kozak_SV40,1,8
760,MA37,CqPUb.KSV40,0.102347,CqPUb,Kozak_SV40,1,8
761,,CqPUb.KSV40,,CqPUb,Kozak_SV40,1,8
762,,CqPUb.KSV40,,CqPUb,Kozak_SV40,1,8
763,,CqPUb.KSV40,,CqPUb,Kozak_SV40,1,8
764,,CqPUb.KSV40,,CqPUb,Kozak_SV40,1,8
765,,CqPUb.KSV40,,CqPUb,Kozak_SV40,1,8
766,,CqPUb.KSV40,,CqPUb,Kozak_SV40,1,8
767,,CqPUb.KSV40,,CqPUb,Kozak_SV40,1,8
768,,CqPUb.KSV40,,CqPUb,Kozak_SV40,1,8
769,MA30,CqPUb.LP10,1.194604,CqPUb,Lep_P10,2,8
770,MA30,CqPUb.LP10,0.79617,CqPUb,Lep_P10,2,8
771,MA30,CqPUb.LP10,0.849806,CqPUb,Lep_P10,2,8
772,MA30,CqPUb.LP10,0.684711,CqPUb,Lep_P10,2,8
773,MA30,CqPUb.LP10,0.610032,CqPUb,Lep_P10,2,8
774,MA30,CqPUb.LP10,0.704489,CqPUb,Lep_P10,2,8
775,MA30,CqPUb.LP10,0.512131,CqPUb,Lep_P10,2,8
776,MA30,CqPUb.LP10,0.588948,CqPUb,Lep_P10,2,8
777,MA34,CqPUb.LP10,0.458636,CqPUb,Lep_P10,2,8
778,MA34,CqPUb.LP10,0.399751,CqPUb,Lep_P10,2,8
779,MA34,CqPUb.LP10,0.447986,CqPUb,Lep_P10,2,8
780,MA34,CqPUb.LP10,0.378585,CqPUb,Lep_P10,2,8
781,MA34,CqPUb.LP10,0.339955,CqPUb,Lep_P10,2,8
782,MA34,CqPUb.LP10,0.291806,CqPUb,Lep_P10,2,8
783,MA34,CqPUb.LP10,0.329799,CqPUb,Lep_P10,2,8
784,MA34,CqPUb.LP10,0.469,CqPUb,Lep_P10,2,8
785,MA37,CqPUb.LP10,1.34664,CqPUb,Lep_P10,2,8
786,MA37,CqPUb.LP10,0.926546,CqPUb,Lep_P10,2,8
787,MA37,CqPUb.LP10,0.821434,CqPUb,Lep_P10,2,8
788,MA37,CqPUb.LP10,0.767735,CqPUb,Lep_P10,2,8
789,MA37,CqPUb.LP10,0.769504,CqPUb,Lep_P10,2,8
790,MA37,CqPUb.LP10,0.6481,CqPUb,Lep_P10,2,8
791,MA37,CqPUb.LP10,0.600665,CqPUb,Lep_P10,2,8
792,MA37,CqPUb.LP10,0.849208,CqPUb,Lep_P10,2,8
793,,CqPUb.LP10,,CqPUb,Lep_P10,2,8
794,,CqPUb.LP10,,CqPUb,Lep_P10,2,8
795,,CqPUb.LP10,,CqPUb,Lep_P10,2,8
796,,CqPUb.LP10,,CqPUb,Lep_P10,2,8
797,,CqPUb.LP10,,CqPUb,Lep_P10,2,8
798,,CqPUb.LP10,,CqPUb,Lep_P10,2,8
799,,CqPUb.LP10,,CqPUb,Lep_P10,2,8
800,,CqPUb.LP10,,CqPUb,Lep_P10,2,8
801,MA30,CqPUbBLK10,0.015399,CqPUb,Bom_K10,3,8
802,MA30,CqPUbBLK10,0.193414,CqPUb,Bom_K10,3,8
803,MA30,CqPUbBLK10,0.006609,CqPUb,Bom_K10,3,8
804,MA30,CqPUbBLK10,0.005779,CqPUb,Bom_K10,3,8
805,MA30,CqPUbBLK10,0.022284,CqPUb,Bom_K10,3,8
806,MA30,CqPUbBLK10,0.052242,CqPUb,Bom_K10,3,8
807,MA30,CqPUbBLK10,0.004971,CqPUb,Bom_K10,3,8
808,MA30,CqPUbBLK10,0.016096,CqPUb,Bom_K10,3,8
809,MA34,CqPUbBLK10,0.006568,CqPUb,Bom_K10,3,8
810,MA34,CqPUbBLK10,0.007147,CqPUb,Bom_K10,3,8
811,MA34,CqPUbBLK10,0.005292,CqPUb,Bom_K10,3,8
812,MA34,CqPUbBLK10,0.006428,CqPUb,Bom_K10,3,8
813,MA34,CqPUbBLK10,0.005423,CqPUb,Bom_K10,3,8
814,MA34,CqPUbBLK10,0.004329,CqPUb,Bom_K10,3,8
815,MA34,CqPUbBLK10,0.003518,CqPUb,Bom_K10,3,8
816,MA34,CqPUbBLK10,0.004261,CqPUb,Bom_K10,3,8
817,MA37,CqPUbBLK10,0.019685,CqPUb,Bom_K10,3,8
818,MA37,CqPUbBLK10,0.010183,CqPUb,Bom_K10,3,8
819,MA37,CqPUbBLK10,0.01437,CqPUb,Bom_K10,3,8
820,MA37,CqPUbBLK10,0.012013,CqPUb,Bom_K10,3,8
821,MA37,CqPUbBLK10,0.012508,CqPUb,Bom_K10,3,8
822,MA37,CqPUbBLK10,0.010955,CqPUb,Bom_K10,3,8
823,MA37,CqPUbBLK10,0.008044,CqPUb,Bom_K10,3,8
824,MA37,CqPUbBLK10,0.023195,CqPUb,Bom_K10,3,8
825,,CqPUbBLK10,,CqPUb,Bom_K10,3,8
826,,CqPUbBLK10,,CqPUb,Bom_K10,3,8
827,,CqPUbBLK10,,CqPUb,Bom_K10,3,8
828,,CqPUbBLK10,,CqPUb,Bom_K10,3,8
829,,CqPUbBLK10,,CqPUb,Bom_K10,3,8
830,,CqPUbBLK10,,CqPUb,Bom_K10,3,8
831,,CqPUbBLK10,,CqPUb,Bom_K10,3,8
832,,CqPUbBLK10,,CqPUb,Bom_K10,3,8
833,MA30,HR5.IE1.KSV40,27.12345,Hr5,Kozak_SV40,1,9
834,MA30,HR5.IE1.KSV40,19.18257,Hr5,Kozak_SV40,1,9
835,MA30,HR5.IE1.KSV40,18.44366,Hr5,Kozak_SV40,1,9
836,MA30,HR5.IE1.KSV40,21.04822,Hr5,Kozak_SV40,1,9
837,MA30,HR5.IE1.KSV40,19.60574,Hr5,Kozak_SV40,1,9
838,MA30,HR5.IE1.KSV40,15.94738,Hr5,Kozak_SV40,1,9
839,MA30,HR5.IE1.KSV40,13.5836,Hr5,Kozak_SV40,1,9
840,MA30,HR5.IE1.KSV40,29.4072,Hr5,Kozak_SV40,1,9
841,MA34,HR5.IE1.KSV40,16.52941,Hr5,Kozak_SV40,1,9
842,MA34,HR5.IE1.KSV40,14.97217,Hr5,Kozak_SV40,1,9
843,MA34,HR5.IE1.KSV40,11.25206,Hr5,Kozak_SV40,1,9
844,MA34,HR5.IE1.KSV40,12.08764,Hr5,Kozak_SV40,1,9
845,MA34,HR5.IE1.KSV40,11.75227,Hr5,Kozak_SV40,1,9
846,MA34,HR5.IE1.KSV40,10.0289,Hr5,Kozak_SV40,1,9
847,MA34,HR5.IE1.KSV40,11.15486,Hr5,Kozak_SV40,1,9
848,MA34,HR5.IE1.KSV40,9.727249,Hr5,Kozak_SV40,1,9
849,MA37,HR5.IE1.KSV40,20.44493,Hr5,Kozak_SV40,1,9
850,MA37,HR5.IE1.KSV40,16.34698,Hr5,Kozak_SV40,1,9
851,MA37,HR5.IE1.KSV40,17.55334,Hr5,Kozak_SV40,1,9
852,MA37,HR5.IE1.KSV40,13.38987,Hr5,Kozak_SV40,1,9
853,MA37,HR5.IE1.KSV40,13.16919,Hr5,Kozak_SV40,1,9
854,MA37,HR5.IE1.KSV40,16.10294,Hr5,Kozak_SV40,1,9
855,MA37,HR5.IE1.KSV40,13.31196,Hr5,Kozak_SV40,1,9
856,MA37,HR5.IE1.KSV40,13.09131,Hr5,Kozak_SV40,1,9
857,,HR5.IE1.KSV40,,Hr5,Kozak_SV40,1,9
858,,HR5.IE1.KSV40,,Hr5,Kozak_SV40,1,9
859,,HR5.IE1.KSV40,,Hr5,Kozak_SV40,1,9
860,,HR5.IE1.KSV40,,Hr5,Kozak_SV40,1,9
861,,HR5.IE1.KSV40,,Hr5,Kozak_SV40,1,9
862,,HR5.IE1.KSV40,,Hr5,Kozak_SV40,1,9
863,,HR5.IE1.KSV40,,Hr5,Kozak_SV40,1,9
864,,HR5.IE1.KSV40,,Hr5,Kozak_SV40,1,9
865,MA30,HR5.IE1.BLK10,4.368143,Hr5,Bom_K10,3,9
866,MA30,HR5.IE1.BLK10,6.173094,Hr5,Bom_K10,3,9
867,MA30,HR5.IE1.BLK10,5.353868,Hr5,Bom_K10,3,9
868,MA30,HR5.IE1.BLK10,6.362526,Hr5,Bom_K10,3,9
869,MA30,HR5.IE1.BLK10,5.267607,Hr5,Bom_K10,3,9
870,MA30,HR5.IE1.BLK10,4.201475,Hr5,Bom_K10,3,9
871,MA30,HR5.IE1.BLK10,4.05685,Hr5,Bom_K10,3,9
872,MA30,HR5.IE1.BLK10,4.608003,Hr5,Bom_K10,3,9
873,MA34,HR5.IE1.BLK10,4.860598,Hr5,Bom_K10,3,9
874,MA34,HR5.IE1.BLK10,7.810781,Hr5,Bom_K10,3,9
875,MA34,HR5.IE1.BLK10,5.563745,Hr5,Bom_K10,3,9
876,MA34,HR5.IE1.BLK10,4.983782,Hr5,Bom_K10,3,9
877,MA34,HR5.IE1.BLK10,5.422228,Hr5,Bom_K10,3,9
878,MA34,HR5.IE1.BLK10,4.435945,Hr5,Bom_K10,3,9
879,MA34,HR5.IE1.BLK10,3.507217,Hr5,Bom_K10,3,9
880,MA34,HR5.IE1.BLK10,3.638897,Hr5,Bom_K10,3,9
881,MA37,HR5.IE1.BLK10,3.536942,Hr5,Bom_K10,3,9
882,MA37,HR5.IE1.BLK10,3.310794,Hr5,Bom_K10,3,9
883,MA37,HR5.IE1.BLK10,3.225884,Hr5,Bom_K10,3,9
884,MA37,HR5.IE1.BLK10,2.717466,Hr5,Bom_K10,3,9
885,MA37,HR5.IE1.BLK10,2.658396,Hr5,Bom_K10,3,9
886,MA37,HR5.IE1.BLK10,2.504099,Hr5,Bom_K10,3,9
887,MA37,HR5.IE1.BLK10,2.109677,Hr5,Bom_K10,3,9
888,MA37,HR5.IE1.BLK10,1.85139,Hr5,Bom_K10,3,9
889,,HR5.IE1.BLK10,,Hr5,Bom_K10,3,9
890,,HR5.IE1.BLK10,,Hr5,Bom_K10,3,9
891,,HR5.IE1.BLK10,,Hr5,Bom_K10,3,9
892,,HR5.IE1.BLK10,,Hr5,Bom_K10,3,9
893,,HR5.IE1.BLK10,,Hr5,Bom_K10,3,9
894,,HR5.IE1.BLK10,,Hr5,Bom_K10,3,9
895,,HR5.IE1.BLK10,,Hr5,Bom_K10,3,9
896,,HR5.IE1.BLK10,,Hr5,Bom_K10,3,9
897,MA30,HR5.IE1.LP10,68.6145,Hr5,Lep_P10,2,9
898,MA30,HR5.IE1.LP10,51.40644,Hr5,Lep_P10,2,9
899,MA30,HR5.IE1.LP10,77.88365,Hr5,Lep_P10,2,9
900,MA30,HR5.IE1.LP10,88.59894,Hr5,Lep_P10,2,9
901,MA30,HR5.IE1.LP10,50.93627,Hr5,Lep_P10,2,9
902,MA30,HR5.IE1.LP10,69.97389,Hr5,Lep_P10,2,9
903,MA30,HR5.IE1.LP10,48.53242,Hr5,Lep_P10,2,9
904,MA30,HR5.IE1.LP10,68.52601,Hr5,Lep_P10,2,9
905,MA34,HR5.IE1.LP10,33.61179,Hr5,Lep_P10,2,9
906,MA34,HR5.IE1.LP10,49.88447,Hr5,Lep_P10,2,9
907,MA34,HR5.IE1.LP10,39.35417,Hr5,Lep_P10,2,9
908,MA34,HR5.IE1.LP10,36.27845,Hr5,Lep_P10,2,9
909,MA34,HR5.IE1.LP10,61.59282,Hr5,Lep_P10,2,9
910,MA34,HR5.IE1.LP10,75.16618,Hr5,Lep_P10,2,9
911,MA34,HR5.IE1.LP10,56.83957,Hr5,Lep_P10,2,9
912,MA34,HR5.IE1.LP10,56.83583,Hr5,Lep_P10,2,9
913,MA37,HR5.IE1.LP10,156.1903,Hr5,Lep_P10,2,9
914,MA37,HR5.IE1.LP10,90.51169,Hr5,Lep_P10,2,9
915,MA37,HR5.IE1.LP10,95.72577,Hr5,Lep_P10,2,9
916,MA37,HR5.IE1.LP10,73.43546,Hr5,Lep_P10,2,9
917,MA37,HR5.IE1.LP10,77.66091,Hr5,Lep_P10,2,9
918,MA37,HR5.IE1.LP10,62.69723,Hr5,Lep_P10,2,9
919,MA37,HR5.IE1.LP10,77.71912,Hr5,Lep_P10,2,9
920,MA37,HR5.IE1.LP10,88.19726,Hr5,Lep_P10,2,9
921,,HR5.IE1.LP10,,Hr5,Lep_P10,2,9
922,,HR5.IE1.LP10,,Hr5,Lep_P10,2,9
923,,HR5.IE1.LP10,,Hr5,Lep_P10,2,9
924,,HR5.IE1.LP10,,Hr5,Lep_P10,2,9
925,,HR5.IE1.LP10,,Hr5,Lep_P10,2,9
926,,HR5.IE1.LP10,,Hr5,Lep_P10,2,9
927,,HR5.IE1.LP10,,Hr5,Lep_P10,2,9
928,,HR5.IE1.LP10,,Hr5,Lep_P10,2,9
929,MA30,RpL14,0.004023,RpL14,Kozak_SV40,1,11
930,MA30,RpL14,0.001654,RpL14,Kozak_SV40,1,11
931,MA30,RpL14,0.003012,RpL14,Kozak_SV40,1,11
932,MA30,RpL14,0.003466,RpL14,Kozak_SV40,1,11
933,MA30,RpL14,0.003526,RpL14,Kozak_SV40,1,11
934,MA30,RpL14,0.003479,RpL14,Kozak_SV40,1,11
935,MA30,RpL14,0.000994,RpL14,Kozak_SV40,1,11
936,MA30,RpL14,0.001607,RpL14,Kozak_SV40,1,11
937,MA34,RpL14,,,,,
938,MA34,RpL14,,,,,
939,MA34,RpL14,,,,,
940,MA34,RpL14,,,,,
941,MA34,RpL14,,,,,
942,MA34,RpL14,,,,,
943,MA34,RpL14,,,,,
944,MA34,RpL14,,,,,
945,MA37,RpL14,,,,,
946,MA37,RpL14,,,,,
947,MA37,RpL14,,,,,
948,MA37,RpL14,,,,,
949,MA37,RpL14,,,,,
950,MA37,RpL14,,,,,
951,MA37,RpL14,,,,,
952,MA37,RpL14,,,,,
953,,RpL14,,,,,
954,,RpL14,,,,,
955,,RpL14,,,,,
956,,RpL14,,,,,
957,,RpL14,,,,,
958,,RpL14,,,,,
959,,RpL14,,,,,
960,,RpL14,,,,,
961,MA30,RpS19,0.031786,RpS19,Kozak_SV40,1,12
962,MA30,RpS19,0.01775,RpS19,Kozak_SV40,1,12
963,MA30,RpS19,0.00897,RpS19,Kozak_SV40,1,12
964,MA30,RpS19,0.005867,RpS19,Kozak_SV40,1,12
965,MA30,RpS19,0.00555,RpS19,Kozak_SV40,1,12
966,MA30,RpS19,0.004979,RpS19,Kozak_SV40,1,12
967,MA30,RpS19,0.002274,RpS19,Kozak_SV40,1,12
968,MA30,RpS19,0.003296,RpS19,Kozak_SV40,1,12
969,MA34,RpS19,,,,,
970,MA34,RpS19,,,,,
971,MA34,RpS19,,,,,
972,MA34,RpS19,,,,,
973,MA34,RpS19,,,,,
974,MA34,RpS19,,,,,
975,MA34,RpS19,,,,,
976,MA34,RpS19,,,,,
977,MA37,RpS19,,,,,
978,MA37,RpS19,,,,,
979,MA37,RpS19,,,,,
980,MA37,RpS19,,,,,
981,MA37,RpS19,,,,,
982,MA37,RpS19,,,,,
983,MA37,RpS19,,,,,
984,MA37,RpS19,,,,,
985,,RpS19,,,,,
986,,RpS19,,,,,
987,,RpS19,,,,,
988,,RpS19,,,,,
989,,RpS19,,,,,
990,,RpS19,,,,,
991,,RpS19,,,,,
992,,RpS19,,,,,
993,MA30,RpL9,0.006005,RpL9,Kozak_SV40,1,13
994,MA30,RpL9,0.001913,RpL9,Kozak_SV40,1,13
995,MA30,RpL9,0.002065,RpL9,Kozak_SV40,1,13
996,MA30,RpL9,0.0019,RpL9,Kozak_SV40,1,13
997,MA30,RpL9,0.001194,RpL9,Kozak_SV40,1,13
998,MA30,RpL9,0.001624,RpL9,Kozak_SV40,1,13
999,MA30,RpL9,0.001255,RpL9,Kozak_SV40,1,13
1000,MA30,RpL9,0.002476,RpL9,Kozak_SV40,1,13
1001,MA34,RpL9,,,,,
1002,MA34,RpL9,,,,,
1003,MA34,RpL9,,,,,
1004,MA34,RpL9,,,,,
1005,MA34,RpL9,,,,,
1006,MA34,RpL9,,,,,
1007,MA34,RpL9,,,,,
1008,MA34,RpL9,,,,,
1009,MA37,RpL9,,,,,
1010,MA37,RpL9,,,,,
1011,MA37,RpL9,,,,,
1012,MA37,RpL9,,,,,
1013,MA37,RpL9,,,,,
1014,MA37,RpL9,,,,,
1015,MA37,RpL9,,,,,
1016,MA37,RpL9,,,,,
1017,,RpL9,,,,,
1018,,RpL9,,,,,
1019,,RpL9,,,,,
1020,,RpL9,,,,,
1021,,RpL9,,,,,
1022,,RpL9,,,,,
1023,,RpL9,,,,,
1024,,RpL9,,,,,
1025,MA30,RpS26,0.004792,RpS26,Kozak_SV40,1,14
1026,MA30,RpS26,0.0014,RpS26,Kozak_SV40,1,14
1027,MA30,RpS26,0.001297,RpS26,Kozak_SV40,1,14
1028,MA30,RpS26,0.001537,RpS26,Kozak_SV40,1,14
1029,MA30,RpS26,0.000921,RpS26,Kozak_SV40,1,14
1030,MA30,RpS26,0.000928,RpS26,Kozak_SV40,1,14
1031,MA30,RpS26,0.001147,RpS26,Kozak_SV40,1,14
1032,MA30,RpS26,0.002456,RpS26,Kozak_SV40,1,14
1033,MA34,RpS26,,,,,
1034,MA34,RpS26,,,,,
1035,MA34,RpS26,,,,,
1036,MA34,RpS26,,,,,
1037,MA34,RpS26,,,,,
1038,MA34,RpS26,,,,,
1039,MA34,RpS26,,,,,
1040,MA34,RpS26,,,,,
1041,MA37,RpS26,,,,,
1042,MA37,RpS26,,,,,
1043,MA37,RpS26,,,,,
1044,MA37,RpS26,,,,,
1045,MA37,RpS26,,,,,
1046,MA37,RpS26,,,,,
1047,MA37,RpS26,,,,,
1048,MA37,RpS26,,,,,
1049,,RpS26,,,,,
1050,,RpS26,,,,,
1051,,RpS26,,,,,
1052,,RpS26,,,,,
1053,,RpS26,,,,,
1054,,RpS26,,,,,
1055,,RpS26,,,,,
1056,,RpS26,,,,,
