ID,Promoter_ID,Promoter,Cell_Line,Value,Context,UTR,Cell_Line_Integer,Context_UTR
1,1,AGG1186,Aag2..Ae..aegypti.,75.27,Kozak,SV40,1,Kozak SV40
2,2,AGG1187,Aag2..Ae..aegypti.,72.36,Lep,SV40,1,Lep SV40
3,3,AGG1188,Aag2..Ae..aegypti.,50.6,BmHi,SV40,1,BmHi SV40
4,4,AGG1189,Aag2..Ae..aegypti.,11.51,BmLo,SV40,1,BmLo SV40
5,5,AGG1190,Aag2..Ae..aegypti.,24.9,Syn21,SV40,1,Syn21 SV40
6,6,AGG1191,Aag2..Ae..aegypti.,22.88,Kozak,K10,1,Kozak K10
7,7,AGG1192,Aag2..Ae..aegypti.,44.47,Lep,K10,1,Lep K10
8,8,AGG1193,Aag2..Ae..aegypti.,34.47,BmHi,K10,1,BmHi K10
9,9,AGG1194,Aag2..Ae..aegypti.,8.18,BmLo,K10,1,BmLo K10
10,10,AGG1195,Aag2..Ae..aegypti.,14.18,Syn21,K10,1,Syn21 K10
11,11,AGG1196,Aag2..Ae..aegypti.,,Kozak,P10,1,Kozak P10
12,12,AGG1197,Aag2..Ae..aegypti.,215.18,Lep,P10,1,Lep P10
13,13,AGG1198,Aag2..Ae..aegypti.,123.26,BmHi,P10,1,BmHi P10
14,14,AGG1199,Aag2..Ae..aegypti.,63.79,BmLo,P10,1,BmLo P10
15,15,AGG1200,Aag2..Ae..aegypti.,49.88,Syn21,P10,1,Syn21 P10
16,1,AGG1186,Aag2..Ae..aegypti.,42.65,Kozak,SV40,1,Kozak SV40
17,2,AGG1187,Aag2..Ae..aegypti.,50.71,Lep,SV40,1,Lep SV40
18,3,AGG1188,Aag2..Ae..aegypti.,39.65,BmHi,SV40,1,BmHi SV40
19,4,AGG1189,Aag2..Ae..aegypti.,12.3,BmLo,SV40,1,BmLo SV40
20,5,AGG1190,Aag2..Ae..aegypti.,22.46,Syn21,SV40,1,Syn21 SV40
21,6,AGG1191,Aag2..Ae..aegypti.,23.64,Kozak,K10,1,Kozak K10
22,7,AGG1192,Aag2..Ae..aegypti.,36.64,Lep,K10,1,Lep K10
23,8,AGG1193,Aag2..Ae..aegypti.,41.21,BmHi,K10,1,BmHi K10
24,9,AGG1194,Aag2..Ae..aegypti.,8.35,BmLo,K10,1,BmLo K10
25,10,AGG1195,Aag2..Ae..aegypti.,13.18,Syn21,K10,1,Syn21 K10
26,11,AGG1196,Aag2..Ae..aegypti.,,Kozak,P10,1,Kozak P10
27,12,AGG1197,Aag2..Ae..aegypti.,191.92,Lep,P10,1,Lep P10
28,13,AGG1198,Aag2..Ae..aegypti.,91.45,BmHi,P10,1,BmHi P10
29,14,AGG1199,Aag2..Ae..aegypti.,63.62,BmLo,P10,1,BmLo P10
30,15,AGG1200,Aag2..Ae..aegypti.,62.59,Syn21,P10,1,Syn21 P10
31,1,AGG1186,Aag2..Ae..aegypti.,51.18,Kozak,SV40,1,Kozak SV40
32,2,AGG1187,Aag2..Ae..aegypti.,32.01,Lep,SV40,1,Lep SV40
33,3,AGG1188,Aag2..Ae..aegypti.,35.62,BmHi,SV40,1,BmHi SV40
34,4,AGG1189,Aag2..Ae..aegypti.,10.42,BmLo,SV40,1,BmLo SV40
35,5,AGG1190,Aag2..Ae..aegypti.,17.79,Syn21,SV40,1,Syn21 SV40
36,6,AGG1191,Aag2..Ae..aegypti.,22.62,Kozak,K10,1,Kozak K10
37,7,AGG1192,Aag2..Ae..aegypti.,26.92,Lep,K10,1,Lep K10
38,8,AGG1193,Aag2..Ae..aegypti.,38.7,BmHi,K10,1,BmHi K10
39,9,AGG1194,Aag2..Ae..aegypti.,7.37,BmLo,K10,1,BmLo K10
40,10,AGG1195,Aag2..Ae..aegypti.,13.73,Syn21,K10,1,Syn21 K10
41,11,AGG1196,Aag2..Ae..aegypti.,,Kozak,P10,1,Kozak P10
42,12,AGG1197,Aag2..Ae..aegypti.,207.45,Lep,P10,1,Lep P10
43,13,AGG1198,Aag2..Ae..aegypti.,120.04,BmHi,P10,1,BmHi P10
44,14,AGG1199,Aag2..Ae..aegypti.,75.25,BmLo,P10,1,BmLo P10
45,15,AGG1200,Aag2..Ae..aegypti.,52.99,Syn21,P10,1,Syn21 P10
46,1,AGG1186,Aag2..Ae..aegypti.,44.8,Kozak,SV40,1,Kozak SV40
47,2,AGG1187,Aag2..Ae..aegypti.,47.57,Lep,SV40,1,Lep SV40
48,3,AGG1188,Aag2..Ae..aegypti.,31.01,BmHi,SV40,1,BmHi SV40
49,4,AGG1189,Aag2..Ae..aegypti.,11.96,BmLo,SV40,1,BmLo SV40
50,5,AGG1190,Aag2..Ae..aegypti.,20.77,Syn21,SV40,1,Syn21 SV40
51,6,AGG1191,Aag2..Ae..aegypti.,25.82,Kozak,K10,1,Kozak K10
52,7,AGG1192,Aag2..Ae..aegypti.,28.85,Lep,K10,1,Lep K10
53,8,AGG1193,Aag2..Ae..aegypti.,34.86,BmHi,K10,1,BmHi K10
54,9,AGG1194,Aag2..Ae..aegypti.,6.86,BmLo,K10,1,BmLo K10
55,10,AGG1195,Aag2..Ae..aegypti.,11.45,Syn21,K10,1,Syn21 K10
56,11,AGG1196,Aag2..Ae..aegypti.,,Kozak,P10,1,Kozak P10
57,12,AGG1197,Aag2..Ae..aegypti.,204.61,Lep,P10,1,Lep P10
58,13,AGG1198,Aag2..Ae..aegypti.,111.76,BmHi,P10,1,BmHi P10
59,14,AGG1199,Aag2..Ae..aegypti.,66.97,BmLo,P10,1,BmLo P10
60,15,AGG1200,Aag2..Ae..aegypti.,52.54,Syn21,P10,1,Syn21 P10
61,1,AGG1186,Aag2..Ae..aegypti.,49.57,Kozak,SV40,1,Kozak SV40
62,2,AGG1187,Aag2..Ae..aegypti.,46.04,Lep,SV40,1,Lep SV40
63,3,AGG1188,Aag2..Ae..aegypti.,30.45,BmHi,SV40,1,BmHi SV40
64,4,AGG1189,Aag2..Ae..aegypti.,11.48,BmLo,SV40,1,BmLo SV40
65,5,AGG1190,Aag2..Ae..aegypti.,22.07,Syn21,SV40,1,Syn21 SV40
66,6,AGG1191,Aag2..Ae..aegypti.,21.55,Kozak,K10,1,Kozak K10
67,7,AGG1192,Aag2..Ae..aegypti.,30,Lep,K10,1,Lep K10
68,8,AGG1193,Aag2..Ae..aegypti.,37.12,BmHi,K10,1,BmHi K10
69,9,AGG1194,Aag2..Ae..aegypti.,6.9,BmLo,K10,1,BmLo K10
70,10,AGG1195,Aag2..Ae..aegypti.,14.19,Syn21,K10,1,Syn21 K10
71,11,AGG1196,Aag2..Ae..aegypti.,,Kozak,P10,1,Kozak P10
72,12,AGG1197,Aag2..Ae..aegypti.,172.36,Lep,P10,1,Lep P10
73,13,AGG1198,Aag2..Ae..aegypti.,114.65,BmHi,P10,1,BmHi P10
74,14,AGG1199,Aag2..Ae..aegypti.,72.35,BmLo,P10,1,BmLo P10
75,15,AGG1200,Aag2..Ae..aegypti.,43.6,Syn21,P10,1,Syn21 P10
76,1,AGG1186,Aag2..Ae..aegypti.,23.68,Kozak,SV40,1,Kozak SV40
77,2,AGG1187,Aag2..Ae..aegypti.,46.07,Lep,SV40,1,Lep SV40
78,3,AGG1188,Aag2..Ae..aegypti.,31.8,BmHi,SV40,1,BmHi SV40
79,4,AGG1189,Aag2..Ae..aegypti.,12.08,BmLo,SV40,1,BmLo SV40
80,5,AGG1190,Aag2..Ae..aegypti.,20.25,Syn21,SV40,1,Syn21 SV40
81,6,AGG1191,Aag2..Ae..aegypti.,25.97,Kozak,K10,1,Kozak K10
82,7,AGG1192,Aag2..Ae..aegypti.,30.25,Lep,K10,1,Lep K10
83,8,AGG1193,Aag2..Ae..aegypti.,30.62,BmHi,K10,1,BmHi K10
84,9,AGG1194,Aag2..Ae..aegypti.,7.4,BmLo,K10,1,BmLo K10
85,10,AGG1195,Aag2..Ae..aegypti.,12.27,Syn21,K10,1,Syn21 K10
86,11,AGG1196,Aag2..Ae..aegypti.,,Kozak,P10,1,Kozak P10
87,12,AGG1197,Aag2..Ae..aegypti.,156.61,Lep,P10,1,Lep P10
88,13,AGG1198,Aag2..Ae..aegypti.,102.59,BmHi,P10,1,BmHi P10
89,14,AGG1199,Aag2..Ae..aegypti.,69.9,BmLo,P10,1,BmLo P10
90,15,AGG1200,Aag2..Ae..aegypti.,56.68,Syn21,P10,1,Syn21 P10
91,1,AGG1186,Aag2..Ae..aegypti.,41.44,Kozak,SV40,1,Kozak SV40
92,2,AGG1187,Aag2..Ae..aegypti.,48.45,Lep,SV40,1,Lep SV40
93,3,AGG1188,Aag2..Ae..aegypti.,35.18,BmHi,SV40,1,BmHi SV40
94,4,AGG1189,Aag2..Ae..aegypti.,11.13,BmLo,SV40,1,BmLo SV40
95,5,AGG1190,Aag2..Ae..aegypti.,19.09,Syn21,SV40,1,Syn21 SV40
96,6,AGG1191,Aag2..Ae..aegypti.,21.68,Kozak,K10,1,Kozak K10
97,7,AGG1192,Aag2..Ae..aegypti.,33.72,Lep,K10,1,Lep K10
98,8,AGG1193,Aag2..Ae..aegypti.,34.4,BmHi,K10,1,BmHi K10
99,9,AGG1194,Aag2..Ae..aegypti.,8.33,BmLo,K10,1,BmLo K10
100,10,AGG1195,Aag2..Ae..aegypti.,12.02,Syn21,K10,1,Syn21 K10
101,11,AGG1196,Aag2..Ae..aegypti.,,Kozak,P10,1,Kozak P10
102,12,AGG1197,Aag2..Ae..aegypti.,183.94,Lep,P10,1,Lep P10
103,13,AGG1198,Aag2..Ae..aegypti.,102.17,BmHi,P10,1,BmHi P10
104,14,AGG1199,Aag2..Ae..aegypti.,75.75,BmLo,P10,1,BmLo P10
105,15,AGG1200,Aag2..Ae..aegypti.,81.12,Syn21,P10,1,Syn21 P10
106,1,AGG1186,Aag2..Ae..aegypti.,35.57,Kozak,SV40,1,Kozak SV40
107,2,AGG1187,Aag2..Ae..aegypti.,59.15,Lep,SV40,1,Lep SV40
108,3,AGG1188,Aag2..Ae..aegypti.,44.68,BmHi,SV40,1,BmHi SV40
109,4,AGG1189,Aag2..Ae..aegypti.,10.93,BmLo,SV40,1,BmLo SV40
110,5,AGG1190,Aag2..Ae..aegypti.,20.17,Syn21,SV40,1,Syn21 SV40
111,6,AGG1191,Aag2..Ae..aegypti.,23.32,Kozak,K10,1,Kozak K10
112,7,AGG1192,Aag2..Ae..aegypti.,38.99,Lep,K10,1,Lep K10
113,8,AGG1193,Aag2..Ae..aegypti.,31.31,BmHi,K10,1,BmHi K10
114,9,AGG1194,Aag2..Ae..aegypti.,7.72,BmLo,K10,1,BmLo K10
115,10,AGG1195,Aag2..Ae..aegypti.,12.75,Syn21,K10,1,Syn21 K10
116,11,AGG1196,Aag2..Ae..aegypti.,,Kozak,P10,1,Kozak P10
117,12,AGG1197,Aag2..Ae..aegypti.,172.37,Lep,P10,1,Lep P10
118,13,AGG1198,Aag2..Ae..aegypti.,95.46,BmHi,P10,1,BmHi P10
119,14,AGG1199,Aag2..Ae..aegypti.,74.74,BmLo,P10,1,BmLo P10
120,15,AGG1200,Aag2..Ae..aegypti.,55.93,Syn21,P10,1,Syn21 P10
121,16,AGG1186,U4.4..Ae..albopictus.,34.5,Kozak,SV40,2,Kozak SV40
122,17,AGG1187,U4.4..Ae..albopictus.,44.26,Lep,SV40,2,Lep SV40
123,18,AGG1188,U4.4..Ae..albopictus.,27.74,BmHi,SV40,2,BmHi SV40
124,19,AGG1189,U4.4..Ae..albopictus.,11.83,BmLo,SV40,2,BmLo SV40
125,20,AGG1190,U4.4..Ae..albopictus.,17.64,Syn21,SV40,2,Syn21 SV40
126,21,AGG1191,U4.4..Ae..albopictus.,15.73,Kozak,K10,2,Kozak K10
127,22,AGG1192,U4.4..Ae..albopictus.,14.1,Lep,K10,2,Lep K10
128,23,AGG1193,U4.4..Ae..albopictus.,24.11,BmHi,K10,2,BmHi K10
129,24,AGG1194,U4.4..Ae..albopictus.,8.75,BmLo,K10,2,BmLo K10
130,25,AGG1195,U4.4..Ae..albopictus.,13.73,Syn21,K10,2,Syn21 K10
131,26,AGG1196,U4.4..Ae..albopictus.,59.44,Kozak,P10,2,Kozak P10
132,27,AGG1197,U4.4..Ae..albopictus.,50.1,Lep,P10,2,Lep P10
133,28,AGG1198,U4.4..Ae..albopictus.,66.66,BmHi,P10,2,BmHi P10
134,29,AGG1199,U4.4..Ae..albopictus.,31.15,BmLo,P10,2,BmLo P10
135,30,AGG1200,U4.4..Ae..albopictus.,23.91,Syn21,P10,2,Syn21 P10
136,16,AGG1186,U4.4..Ae..albopictus.,26.23,Kozak,SV40,2,Kozak SV40
137,17,AGG1187,U4.4..Ae..albopictus.,39.11,Lep,SV40,2,Lep SV40
138,18,AGG1188,U4.4..Ae..albopictus.,10.95,BmHi,SV40,2,BmHi SV40
139,19,AGG1189,U4.4..Ae..albopictus.,24.32,BmLo,SV40,2,BmLo SV40
140,20,AGG1190,U4.4..Ae..albopictus.,14.09,Syn21,SV40,2,Syn21 SV40
141,21,AGG1191,U4.4..Ae..albopictus.,20.13,Kozak,K10,2,Kozak K10
142,22,AGG1192,U4.4..Ae..albopictus.,34.89,Lep,K10,2,Lep K10
143,23,AGG1193,U4.4..Ae..albopictus.,16.14,BmHi,K10,2,BmHi K10
144,24,AGG1194,U4.4..Ae..albopictus.,3.46,BmLo,K10,2,BmLo K10
145,25,AGG1195,U4.4..Ae..albopictus.,12.25,Syn21,K10,2,Syn21 K10
146,26,AGG1196,U4.4..Ae..albopictus.,78.7,Kozak,P10,2,Kozak P10
147,27,AGG1197,U4.4..Ae..albopictus.,36.38,Lep,P10,2,Lep P10
148,28,AGG1198,U4.4..Ae..albopictus.,34.35,BmHi,P10,2,BmHi P10
149,29,AGG1199,U4.4..Ae..albopictus.,19.54,BmLo,P10,2,BmLo P10
150,30,AGG1200,U4.4..Ae..albopictus.,36.34,Syn21,P10,2,Syn21 P10
151,16,AGG1186,U4.4..Ae..albopictus.,24.48,Kozak,SV40,2,Kozak SV40
152,17,AGG1187,U4.4..Ae..albopictus.,34.35,Lep,SV40,2,Lep SV40
153,18,AGG1188,U4.4..Ae..albopictus.,22.16,BmHi,SV40,2,BmHi SV40
154,19,AGG1189,U4.4..Ae..albopictus.,17.22,BmLo,SV40,2,BmLo SV40
155,20,AGG1190,U4.4..Ae..albopictus.,10.74,Syn21,SV40,2,Syn21 SV40
156,21,AGG1191,U4.4..Ae..albopictus.,15.21,Kozak,K10,2,Kozak K10
157,22,AGG1192,U4.4..Ae..albopictus.,16.61,Lep,K10,2,Lep K10
158,23,AGG1193,U4.4..Ae..albopictus.,17.22,BmHi,K10,2,BmHi K10
159,24,AGG1194,U4.4..Ae..albopictus.,6.05,BmLo,K10,2,BmLo K10
160,25,AGG1195,U4.4..Ae..albopictus.,13.04,Syn21,K10,2,Syn21 K10
161,26,AGG1196,U4.4..Ae..albopictus.,56.73,Kozak,P10,2,Kozak P10
162,27,AGG1197,U4.4..Ae..albopictus.,57.23,Lep,P10,2,Lep P10
163,28,AGG1198,U4.4..Ae..albopictus.,51.83,BmHi,P10,2,BmHi P10
164,29,AGG1199,U4.4..Ae..albopictus.,23.12,BmLo,P10,2,BmLo P10
165,30,AGG1200,U4.4..Ae..albopictus.,20.06,Syn21,P10,2,Syn21 P10
166,16,AGG1186,U4.4..Ae..albopictus.,63.61,Kozak,SV40,2,Kozak SV40
167,17,AGG1187,U4.4..Ae..albopictus.,32.66,Lep,SV40,2,Lep SV40
168,18,AGG1188,U4.4..Ae..albopictus.,30.11,BmHi,SV40,2,BmHi SV40
169,19,AGG1189,U4.4..Ae..albopictus.,12.5,BmLo,SV40,2,BmLo SV40
170,20,AGG1190,U4.4..Ae..albopictus.,25.98,Syn21,SV40,2,Syn21 SV40
171,21,AGG1191,U4.4..Ae..albopictus.,23.81,Kozak,K10,2,Kozak K10
172,22,AGG1192,U4.4..Ae..albopictus.,21.78,Lep,K10,2,Lep K10
173,23,AGG1193,U4.4..Ae..albopictus.,19.95,BmHi,K10,2,BmHi K10
174,24,AGG1194,U4.4..Ae..albopictus.,7.68,BmLo,K10,2,BmLo K10
175,25,AGG1195,U4.4..Ae..albopictus.,7.88,Syn21,K10,2,Syn21 K10
176,26,AGG1196,U4.4..Ae..albopictus.,62.23,Kozak,P10,2,Kozak P10
177,27,AGG1197,U4.4..Ae..albopictus.,87.09,Lep,P10,2,Lep P10
178,28,AGG1198,U4.4..Ae..albopictus.,25.4,BmHi,P10,2,BmHi P10
179,29,AGG1199,U4.4..Ae..albopictus.,27.47,BmLo,P10,2,BmLo P10
180,30,AGG1200,U4.4..Ae..albopictus.,34.58,Syn21,P10,2,Syn21 P10
181,16,AGG1186,U4.4..Ae..albopictus.,42.22,Kozak,SV40,2,Kozak SV40
182,17,AGG1187,U4.4..Ae..albopictus.,30.65,Lep,SV40,2,Lep SV40
183,18,AGG1188,U4.4..Ae..albopictus.,32.17,BmHi,SV40,2,BmHi SV40
184,19,AGG1189,U4.4..Ae..albopictus.,19.26,BmLo,SV40,2,BmLo SV40
185,20,AGG1190,U4.4..Ae..albopictus.,22.13,Syn21,SV40,2,Syn21 SV40
186,21,AGG1191,U4.4..Ae..albopictus.,26.43,Kozak,K10,2,Kozak K10
187,22,AGG1192,U4.4..Ae..albopictus.,44.31,Lep,K10,2,Lep K10
188,23,AGG1193,U4.4..Ae..albopictus.,20.97,BmHi,K10,2,BmHi K10
189,24,AGG1194,U4.4..Ae..albopictus.,8.78,BmLo,K10,2,BmLo K10
190,25,AGG1195,U4.4..Ae..albopictus.,13.5,Syn21,K10,2,Syn21 K10
191,26,AGG1196,U4.4..Ae..albopictus.,67.02,Kozak,P10,2,Kozak P10
192,27,AGG1197,U4.4..Ae..albopictus.,56.89,Lep,P10,2,Lep P10
193,28,AGG1198,U4.4..Ae..albopictus.,32.36,BmHi,P10,2,BmHi P10
194,29,AGG1199,U4.4..Ae..albopictus.,14.18,BmLo,P10,2,BmLo P10
195,30,AGG1200,U4.4..Ae..albopictus.,21.58,Syn21,P10,2,Syn21 P10
196,16,AGG1186,U4.4..Ae..albopictus.,30.39,Kozak,SV40,2,Kozak SV40
197,17,AGG1187,U4.4..Ae..albopictus.,29.22,Lep,SV40,2,Lep SV40
198,18,AGG1188,U4.4..Ae..albopictus.,24.21,BmHi,SV40,2,BmHi SV40
199,19,AGG1189,U4.4..Ae..albopictus.,21.14,BmLo,SV40,2,BmLo SV40
200,20,AGG1190,U4.4..Ae..albopictus.,6.29,Syn21,SV40,2,Syn21 SV40
201,21,AGG1191,U4.4..Ae..albopictus.,15.66,Kozak,K10,2,Kozak K10
202,22,AGG1192,U4.4..Ae..albopictus.,28.84,Lep,K10,2,Lep K10
203,23,AGG1193,U4.4..Ae..albopictus.,24.74,BmHi,K10,2,BmHi K10
204,24,AGG1194,U4.4..Ae..albopictus.,18.35,BmLo,K10,2,BmLo K10
205,25,AGG1195,U4.4..Ae..albopictus.,15.08,Syn21,K10,2,Syn21 K10
206,26,AGG1196,U4.4..Ae..albopictus.,55.4,Kozak,P10,2,Kozak P10
207,27,AGG1197,U4.4..Ae..albopictus.,57.37,Lep,P10,2,Lep P10
208,28,AGG1198,U4.4..Ae..albopictus.,34.3,BmHi,P10,2,BmHi P10
209,29,AGG1199,U4.4..Ae..albopictus.,19.49,BmLo,P10,2,BmLo P10
210,30,AGG1200,U4.4..Ae..albopictus.,19.23,Syn21,P10,2,Syn21 P10
211,16,AGG1186,U4.4..Ae..albopictus.,26.52,Kozak,SV40,2,Kozak SV40
212,17,AGG1187,U4.4..Ae..albopictus.,19.64,Lep,SV40,2,Lep SV40
213,18,AGG1188,U4.4..Ae..albopictus.,24.57,BmHi,SV40,2,BmHi SV40
214,19,AGG1189,U4.4..Ae..albopictus.,19.53,BmLo,SV40,2,BmLo SV40
215,20,AGG1190,U4.4..Ae..albopictus.,10.53,Syn21,SV40,2,Syn21 SV40
216,21,AGG1191,U4.4..Ae..albopictus.,15.5,Kozak,K10,2,Kozak K10
217,22,AGG1192,U4.4..Ae..albopictus.,19.33,Lep,K10,2,Lep K10
218,23,AGG1193,U4.4..Ae..albopictus.,19.89,BmHi,K10,2,BmHi K10
219,24,AGG1194,U4.4..Ae..albopictus.,4.36,BmLo,K10,2,BmLo K10
220,25,AGG1195,U4.4..Ae..albopictus.,17.01,Syn21,K10,2,Syn21 K10
221,26,AGG1196,U4.4..Ae..albopictus.,39.48,Kozak,P10,2,Kozak P10
222,27,AGG1197,U4.4..Ae..albopictus.,69.7,Lep,P10,2,Lep P10
223,28,AGG1198,U4.4..Ae..albopictus.,22.84,BmHi,P10,2,BmHi P10
224,29,AGG1199,U4.4..Ae..albopictus.,17.22,BmLo,P10,2,BmLo P10
225,30,AGG1200,U4.4..Ae..albopictus.,13.27,Syn21,P10,2,Syn21 P10
226,16,AGG1186,U4.4..Ae..albopictus.,30.9,Kozak,SV40,2,Kozak SV40
227,17,AGG1187,U4.4..Ae..albopictus.,15.88,Lep,SV40,2,Lep SV40
228,18,AGG1188,U4.4..Ae..albopictus.,36.22,BmHi,SV40,2,BmHi SV40
229,19,AGG1189,U4.4..Ae..albopictus.,20.09,BmLo,SV40,2,BmLo SV40
230,20,AGG1190,U4.4..Ae..albopictus.,10.7,Syn21,SV40,2,Syn21 SV40
231,21,AGG1191,U4.4..Ae..albopictus.,14.25,Kozak,K10,2,Kozak K10
232,22,AGG1192,U4.4..Ae..albopictus.,27.83,Lep,K10,2,Lep K10
233,23,AGG1193,U4.4..Ae..albopictus.,33.79,BmHi,K10,2,BmHi K10
234,24,AGG1194,U4.4..Ae..albopictus.,5.8,BmLo,K10,2,BmLo K10
235,25,AGG1195,U4.4..Ae..albopictus.,12.47,Syn21,K10,2,Syn21 K10
236,26,AGG1196,U4.4..Ae..albopictus.,52.1,Kozak,P10,2,Kozak P10
237,27,AGG1197,U4.4..Ae..albopictus.,81.71,Lep,P10,2,Lep P10
238,28,AGG1198,U4.4..Ae..albopictus.,25.4,BmHi,P10,2,BmHi P10
239,29,AGG1199,U4.4..Ae..albopictus.,26.43,BmLo,P10,2,BmLo P10
240,30,AGG1200,U4.4..Ae..albopictus.,26.5,Syn21,P10,2,Syn21 P10
241,31,AGG1186,Sf9..S..frugiperda.,0.76,Kozak,SV40,3,Kozak SV40
242,32,AGG1187,Sf9..S..frugiperda.,0.75,Lep,SV40,3,Lep SV40
243,33,AGG1188,Sf9..S..frugiperda.,0.91,BmHi,SV40,3,BmHi SV40
244,34,AGG1189,Sf9..S..frugiperda.,0.41,BmLo,SV40,3,BmLo SV40
245,35,AGG1190,Sf9..S..frugiperda.,0.48,Syn21,SV40,3,Syn21 SV40
246,36,AGG1191,Sf9..S..frugiperda.,0.6,Kozak,K10,3,Kozak K10
247,37,AGG1192,Sf9..S..frugiperda.,0.74,Lep,K10,3,Lep K10
248,38,AGG1193,Sf9..S..frugiperda.,1.61,BmHi,K10,3,BmHi K10
249,39,AGG1194,Sf9..S..frugiperda.,0.19,BmLo,K10,3,BmLo K10
250,40,AGG1195,Sf9..S..frugiperda.,0.98,Syn21,K10,3,Syn21 K10
251,41,AGG1196,Sf9..S..frugiperda.,36.25,Kozak,P10,3,Kozak P10
252,42,AGG1197,Sf9..S..frugiperda.,26.97,Lep,P10,3,Lep P10
253,43,AGG1198,Sf9..S..frugiperda.,31.71,BmHi,P10,3,BmHi P10
254,44,AGG1199,Sf9..S..frugiperda.,23.66,BmLo,P10,3,BmLo P10
255,45,AGG1200,Sf9..S..frugiperda.,24.92,Syn21,P10,3,Syn21 P10
256,31,AGG1186,Sf9..S..frugiperda.,0.7,Kozak,SV40,3,Kozak SV40
257,32,AGG1187,Sf9..S..frugiperda.,0.69,Lep,SV40,3,Lep SV40
258,33,AGG1188,Sf9..S..frugiperda.,0.88,BmHi,SV40,3,BmHi SV40
259,34,AGG1189,Sf9..S..frugiperda.,0.44,BmLo,SV40,3,BmLo SV40
260,35,AGG1190,Sf9..S..frugiperda.,0.57,Syn21,SV40,3,Syn21 SV40
261,36,AGG1191,Sf9..S..frugiperda.,0.96,Kozak,K10,3,Kozak K10
262,37,AGG1192,Sf9..S..frugiperda.,1.12,Lep,K10,3,Lep K10
263,38,AGG1193,Sf9..S..frugiperda.,1.33,BmHi,K10,3,BmHi K10
264,39,AGG1194,Sf9..S..frugiperda.,0.22,BmLo,K10,3,BmLo K10
265,40,AGG1195,Sf9..S..frugiperda.,1.02,Syn21,K10,3,Syn21 K10
266,41,AGG1196,Sf9..S..frugiperda.,48.89,Kozak,P10,3,Kozak P10
267,42,AGG1197,Sf9..S..frugiperda.,26.77,Lep,P10,3,Lep P10
268,43,AGG1198,Sf9..S..frugiperda.,27.72,BmHi,P10,3,BmHi P10
269,44,AGG1199,Sf9..S..frugiperda.,15.6,BmLo,P10,3,BmLo P10
270,45,AGG1200,Sf9..S..frugiperda.,22.26,Syn21,P10,3,Syn21 P10
271,31,AGG1186,Sf9..S..frugiperda.,0.65,Kozak,SV40,3,Kozak SV40
272,32,AGG1187,Sf9..S..frugiperda.,0.65,Lep,SV40,3,Lep SV40
273,33,AGG1188,Sf9..S..frugiperda.,0.83,BmHi,SV40,3,BmHi SV40
274,34,AGG1189,Sf9..S..frugiperda.,0.35,BmLo,SV40,3,BmLo SV40
275,35,AGG1190,Sf9..S..frugiperda.,0.51,Syn21,SV40,3,Syn21 SV40
276,36,AGG1191,Sf9..S..frugiperda.,0.73,Kozak,K10,3,Kozak K10
277,37,AGG1192,Sf9..S..frugiperda.,0.9,Lep,K10,3,Lep K10
278,38,AGG1193,Sf9..S..frugiperda.,1.38,BmHi,K10,3,BmHi K10
279,39,AGG1194,Sf9..S..frugiperda.,0.21,BmLo,K10,3,BmLo K10
280,40,AGG1195,Sf9..S..frugiperda.,1.02,Syn21,K10,3,Syn21 K10
281,41,AGG1196,Sf9..S..frugiperda.,46.15,Kozak,P10,3,Kozak P10
282,42,AGG1197,Sf9..S..frugiperda.,30.06,Lep,P10,3,Lep P10
283,43,AGG1198,Sf9..S..frugiperda.,24.41,BmHi,P10,3,BmHi P10
284,44,AGG1199,Sf9..S..frugiperda.,15.89,BmLo,P10,3,BmLo P10
285,45,AGG1200,Sf9..S..frugiperda.,21.11,Syn21,P10,3,Syn21 P10
286,31,AGG1186,Sf9..S..frugiperda.,0.71,Kozak,SV40,3,Kozak SV40
287,32,AGG1187,Sf9..S..frugiperda.,0.73,Lep,SV40,3,Lep SV40
288,33,AGG1188,Sf9..S..frugiperda.,1.01,BmHi,SV40,3,BmHi SV40
289,34,AGG1189,Sf9..S..frugiperda.,0.69,BmLo,SV40,3,BmLo SV40
290,35,AGG1190,Sf9..S..frugiperda.,0.69,Syn21,SV40,3,Syn21 SV40
291,36,AGG1191,Sf9..S..frugiperda.,0.84,Kozak,K10,3,Kozak K10
292,37,AGG1192,Sf9..S..frugiperda.,1.19,Lep,K10,3,Lep K10
293,38,AGG1193,Sf9..S..frugiperda.,1.66,BmHi,K10,3,BmHi K10
294,39,AGG1194,Sf9..S..frugiperda.,0.23,BmLo,K10,3,BmLo K10
295,40,AGG1195,Sf9..S..frugiperda.,1.59,Syn21,K10,3,Syn21 K10
296,41,AGG1196,Sf9..S..frugiperda.,52.52,Kozak,P10,3,Kozak P10
297,42,AGG1197,Sf9..S..frugiperda.,27.16,Lep,P10,3,Lep P10
298,43,AGG1198,Sf9..S..frugiperda.,24.9,BmHi,P10,3,BmHi P10
299,44,AGG1199,Sf9..S..frugiperda.,15.62,BmLo,P10,3,BmLo P10
300,45,AGG1200,Sf9..S..frugiperda.,23.02,Syn21,P10,3,Syn21 P10
301,31,AGG1186,Sf9..S..frugiperda.,0.72,Kozak,SV40,3,Kozak SV40
302,32,AGG1187,Sf9..S..frugiperda.,0.71,Lep,SV40,3,Lep SV40
303,33,AGG1188,Sf9..S..frugiperda.,1.28,BmHi,SV40,3,BmHi SV40
304,34,AGG1189,Sf9..S..frugiperda.,0.76,BmLo,SV40,3,BmLo SV40
305,35,AGG1190,Sf9..S..frugiperda.,0.68,Syn21,SV40,3,Syn21 SV40
306,36,AGG1191,Sf9..S..frugiperda.,1.33,Kozak,K10,3,Kozak K10
307,37,AGG1192,Sf9..S..frugiperda.,1.34,Lep,K10,3,Lep K10
308,38,AGG1193,Sf9..S..frugiperda.,1.89,BmHi,K10,3,BmHi K10
309,39,AGG1194,Sf9..S..frugiperda.,0.24,BmLo,K10,3,BmLo K10
310,40,AGG1195,Sf9..S..frugiperda.,1.35,Syn21,K10,3,Syn21 K10
311,41,AGG1196,Sf9..S..frugiperda.,38.58,Kozak,P10,3,Kozak P10
312,42,AGG1197,Sf9..S..frugiperda.,27.68,Lep,P10,3,Lep P10
313,43,AGG1198,Sf9..S..frugiperda.,18.15,BmHi,P10,3,BmHi P10
314,44,AGG1199,Sf9..S..frugiperda.,14.51,BmLo,P10,3,BmLo P10
315,45,AGG1200,Sf9..S..frugiperda.,28.01,Syn21,P10,3,Syn21 P10
316,31,AGG1186,Sf9..S..frugiperda.,0.74,Kozak,SV40,3,Kozak SV40
317,32,AGG1187,Sf9..S..frugiperda.,0.7,Lep,SV40,3,Lep SV40
318,33,AGG1188,Sf9..S..frugiperda.,1.33,BmHi,SV40,3,BmHi SV40
319,34,AGG1189,Sf9..S..frugiperda.,1.05,BmLo,SV40,3,BmLo SV40
320,35,AGG1190,Sf9..S..frugiperda.,0.69,Syn21,SV40,3,Syn21 SV40
321,36,AGG1191,Sf9..S..frugiperda.,1.17,Kozak,K10,3,Kozak K10
322,37,AGG1192,Sf9..S..frugiperda.,1.06,Lep,K10,3,Lep K10
323,38,AGG1193,Sf9..S..frugiperda.,1.36,BmHi,K10,3,BmHi K10
324,39,AGG1194,Sf9..S..frugiperda.,0.22,BmLo,K10,3,BmLo K10
325,40,AGG1195,Sf9..S..frugiperda.,1.48,Syn21,K10,3,Syn21 K10
326,41,AGG1196,Sf9..S..frugiperda.,43.09,Kozak,P10,3,Kozak P10
327,42,AGG1197,Sf9..S..frugiperda.,30.45,Lep,P10,3,Lep P10
328,43,AGG1198,Sf9..S..frugiperda.,25.9,BmHi,P10,3,BmHi P10
329,44,AGG1199,Sf9..S..frugiperda.,16.1,BmLo,P10,3,BmLo P10
330,45,AGG1200,Sf9..S..frugiperda.,26.69,Syn21,P10,3,Syn21 P10
331,31,AGG1186,Sf9..S..frugiperda.,0.91,Kozak,SV40,3,Kozak SV40
332,32,AGG1187,Sf9..S..frugiperda.,0.91,Lep,SV40,3,Lep SV40
333,33,AGG1188,Sf9..S..frugiperda.,1.39,BmHi,SV40,3,BmHi SV40
334,34,AGG1189,Sf9..S..frugiperda.,0.81,BmLo,SV40,3,BmLo SV40
335,35,AGG1190,Sf9..S..frugiperda.,0.9,Syn21,SV40,3,Syn21 SV40
336,36,AGG1191,Sf9..S..frugiperda.,1.21,Kozak,K10,3,Kozak K10
337,37,AGG1192,Sf9..S..frugiperda.,1.43,Lep,K10,3,Lep K10
338,38,AGG1193,Sf9..S..frugiperda.,1.8,BmHi,K10,3,BmHi K10
339,39,AGG1194,Sf9..S..frugiperda.,0.32,BmLo,K10,3,BmLo K10
340,40,AGG1195,Sf9..S..frugiperda.,1.28,Syn21,K10,3,Syn21 K10
341,41,AGG1196,Sf9..S..frugiperda.,37.81,Kozak,P10,3,Kozak P10
342,42,AGG1197,Sf9..S..frugiperda.,30.72,Lep,P10,3,Lep P10
343,43,AGG1198,Sf9..S..frugiperda.,33.37,BmHi,P10,3,BmHi P10
344,44,AGG1199,Sf9..S..frugiperda.,17.53,BmLo,P10,3,BmLo P10
345,45,AGG1200,Sf9..S..frugiperda.,27.96,Syn21,P10,3,Syn21 P10
346,31,AGG1186,Sf9..S..frugiperda.,0.83,Kozak,SV40,3,Kozak SV40
347,32,AGG1187,Sf9..S..frugiperda.,0.97,Lep,SV40,3,Lep SV40
348,33,AGG1188,Sf9..S..frugiperda.,1.24,BmHi,SV40,3,BmHi SV40
349,34,AGG1189,Sf9..S..frugiperda.,0.72,BmLo,SV40,3,BmLo SV40
350,35,AGG1190,Sf9..S..frugiperda.,0.7,Syn21,SV40,3,Syn21 SV40
351,36,AGG1191,Sf9..S..frugiperda.,1.07,Kozak,K10,3,Kozak K10
352,37,AGG1192,Sf9..S..frugiperda.,1.17,Lep,K10,3,Lep K10
353,38,AGG1193,Sf9..S..frugiperda.,1.9,BmHi,K10,3,BmHi K10
354,39,AGG1194,Sf9..S..frugiperda.,0.36,BmLo,K10,3,BmLo K10
355,40,AGG1195,Sf9..S..frugiperda.,1.56,Syn21,K10,3,Syn21 K10
356,41,AGG1196,Sf9..S..frugiperda.,44.19,Kozak,P10,3,Kozak P10
357,42,AGG1197,Sf9..S..frugiperda.,29.53,Lep,P10,3,Lep P10
358,43,AGG1198,Sf9..S..frugiperda.,27.88,BmHi,P10,3,BmHi P10
359,44,AGG1199,Sf9..S..frugiperda.,16.77,BmLo,P10,3,BmLo P10
360,45,AGG1200,Sf9..S..frugiperda.,27.95,Syn21,P10,3,Syn21 P10
361,46,AGG1186,C6.36..Ae..albopictus.,186.78,Kozak,SV40,4,Kozak SV40
362,47,AGG1187,C6.36..Ae..albopictus.,78.62,Lep,SV40,4,Lep SV40
363,48,AGG1188,C6.36..Ae..albopictus.,233.78,BmHi,SV40,4,BmHi SV40
364,49,AGG1189,C6.36..Ae..albopictus.,138.13,BmLo,SV40,4,BmLo SV40
365,50,AGG1190,C6.36..Ae..albopictus.,82.21,Syn21,SV40,4,Syn21 SV40
366,51,AGG1191,C6.36..Ae..albopictus.,61.5,Kozak,K10,4,Kozak K10
367,52,AGG1192,C6.36..Ae..albopictus.,123.59,Lep,K10,4,Lep K10
368,53,AGG1193,C6.36..Ae..albopictus.,114.68,BmHi,K10,4,BmHi K10
369,54,AGG1194,C6.36..Ae..albopictus.,28.69,BmLo,K10,4,BmLo K10
370,55,AGG1195,C6.36..Ae..albopictus.,89.8,Syn21,K10,4,Syn21 K10
371,56,AGG1196,C6.36..Ae..albopictus.,186.04,Kozak,P10,4,Kozak P10
372,57,AGG1197,C6.36..Ae..albopictus.,115.83,Lep,P10,4,Lep P10
373,58,AGG1198,C6.36..Ae..albopictus.,149.34,BmHi,P10,4,BmHi P10
374,59,AGG1199,C6.36..Ae..albopictus.,113.02,BmLo,P10,4,BmLo P10
375,60,AGG1200,C6.36..Ae..albopictus.,158.95,Syn21,P10,4,Syn21 P10
376,46,AGG1186,C6.36..Ae..albopictus.,49.79,Kozak,SV40,4,Kozak SV40
377,47,AGG1187,C6.36..Ae..albopictus.,128.96,Lep,SV40,4,Lep SV40
378,48,AGG1188,C6.36..Ae..albopictus.,171.24,BmHi,SV40,4,BmHi SV40
379,49,AGG1189,C6.36..Ae..albopictus.,90.09,BmLo,SV40,4,BmLo SV40
380,50,AGG1190,C6.36..Ae..albopictus.,122.99,Syn21,SV40,4,Syn21 SV40
381,51,AGG1191,C6.36..Ae..albopictus.,92.09,Kozak,K10,4,Kozak K10
382,52,AGG1192,C6.36..Ae..albopictus.,154.78,Lep,K10,4,Lep K10
383,53,AGG1193,C6.36..Ae..albopictus.,130.58,BmHi,K10,4,BmHi K10
384,54,AGG1194,C6.36..Ae..albopictus.,5.94,BmLo,K10,4,BmLo K10
385,55,AGG1195,C6.36..Ae..albopictus.,42,Syn21,K10,4,Syn21 K10
386,56,AGG1196,C6.36..Ae..albopictus.,108.75,Kozak,P10,4,Kozak P10
387,57,AGG1197,C6.36..Ae..albopictus.,235.44,Lep,P10,4,Lep P10
388,58,AGG1198,C6.36..Ae..albopictus.,64.09,BmHi,P10,4,BmHi P10
389,59,AGG1199,C6.36..Ae..albopictus.,100.66,BmLo,P10,4,BmLo P10
390,60,AGG1200,C6.36..Ae..albopictus.,75.75,Syn21,P10,4,Syn21 P10
391,46,AGG1186,C6.36..Ae..albopictus.,112.16,Kozak,SV40,4,Kozak SV40
392,47,AGG1187,C6.36..Ae..albopictus.,181.73,Lep,SV40,4,Lep SV40
393,48,AGG1188,C6.36..Ae..albopictus.,120.53,BmHi,SV40,4,BmHi SV40
394,49,AGG1189,C6.36..Ae..albopictus.,84.59,BmLo,SV40,4,BmLo SV40
395,50,AGG1190,C6.36..Ae..albopictus.,103.34,Syn21,SV40,4,Syn21 SV40
396,51,AGG1191,C6.36..Ae..albopictus.,79.72,Kozak,K10,4,Kozak K10
397,52,AGG1192,C6.36..Ae..albopictus.,80.51,Lep,K10,4,Lep K10
398,53,AGG1193,C6.36..Ae..albopictus.,104.94,BmHi,K10,4,BmHi K10
399,54,AGG1194,C6.36..Ae..albopictus.,19.61,BmLo,K10,4,BmLo K10
400,55,AGG1195,C6.36..Ae..albopictus.,41.6,Syn21,K10,4,Syn21 K10
401,56,AGG1196,C6.36..Ae..albopictus.,131.55,Kozak,P10,4,Kozak P10
402,57,AGG1197,C6.36..Ae..albopictus.,82.47,Lep,P10,4,Lep P10
403,58,AGG1198,C6.36..Ae..albopictus.,131.41,BmHi,P10,4,BmHi P10
404,59,AGG1199,C6.36..Ae..albopictus.,88.68,BmLo,P10,4,BmLo P10
405,60,AGG1200,C6.36..Ae..albopictus.,58.1,Syn21,P10,4,Syn21 P10
406,46,AGG1186,C6.36..Ae..albopictus.,102.82,Kozak,SV40,4,Kozak SV40
407,47,AGG1187,C6.36..Ae..albopictus.,104.15,Lep,SV40,4,Lep SV40
408,48,AGG1188,C6.36..Ae..albopictus.,170.53,BmHi,SV40,4,BmHi SV40
409,49,AGG1189,C6.36..Ae..albopictus.,74.96,BmLo,SV40,4,BmLo SV40
410,50,AGG1190,C6.36..Ae..albopictus.,36.67,Syn21,SV40,4,Syn21 SV40
411,51,AGG1191,C6.36..Ae..albopictus.,52.33,Kozak,K10,4,Kozak K10
412,52,AGG1192,C6.36..Ae..albopictus.,81.8,Lep,K10,4,Lep K10
413,53,AGG1193,C6.36..Ae..albopictus.,46.88,BmHi,K10,4,BmHi K10
414,54,AGG1194,C6.36..Ae..albopictus.,42.11,BmLo,K10,4,BmLo K10
415,55,AGG1195,C6.36..Ae..albopictus.,73.18,Syn21,K10,4,Syn21 K10
416,56,AGG1196,C6.36..Ae..albopictus.,119.99,Kozak,P10,4,Kozak P10
417,57,AGG1197,C6.36..Ae..albopictus.,274.96,Lep,P10,4,Lep P10
418,58,AGG1198,C6.36..Ae..albopictus.,175.21,BmHi,P10,4,BmHi P10
419,59,AGG1199,C6.36..Ae..albopictus.,112,BmLo,P10,4,BmLo P10
420,60,AGG1200,C6.36..Ae..albopictus.,141.89,Syn21,P10,4,Syn21 P10
421,46,AGG1186,C6.36..Ae..albopictus.,110.25,Kozak,SV40,4,Kozak SV40
422,47,AGG1187,C6.36..Ae..albopictus.,30.72,Lep,SV40,4,Lep SV40
423,48,AGG1188,C6.36..Ae..albopictus.,200.4,BmHi,SV40,4,BmHi SV40
424,49,AGG1189,C6.36..Ae..albopictus.,93.82,BmLo,SV40,4,BmLo SV40
425,50,AGG1190,C6.36..Ae..albopictus.,81.52,Syn21,SV40,4,Syn21 SV40
426,51,AGG1191,C6.36..Ae..albopictus.,123.13,Kozak,K10,4,Kozak K10
427,52,AGG1192,C6.36..Ae..albopictus.,83.93,Lep,K10,4,Lep K10
428,53,AGG1193,C6.36..Ae..albopictus.,52.13,BmHi,K10,4,BmHi K10
429,54,AGG1194,C6.36..Ae..albopictus.,34.44,BmLo,K10,4,BmLo K10
430,55,AGG1195,C6.36..Ae..albopictus.,83.62,Syn21,K10,4,Syn21 K10
431,56,AGG1196,C6.36..Ae..albopictus.,145.95,Kozak,P10,4,Kozak P10
432,57,AGG1197,C6.36..Ae..albopictus.,247.66,Lep,P10,4,Lep P10
433,58,AGG1198,C6.36..Ae..albopictus.,36.86,BmHi,P10,4,BmHi P10
434,59,AGG1199,C6.36..Ae..albopictus.,58.07,BmLo,P10,4,BmLo P10
435,60,AGG1200,C6.36..Ae..albopictus.,106.54,Syn21,P10,4,Syn21 P10
436,46,AGG1186,C6.36..Ae..albopictus.,163.67,Kozak,SV40,4,Kozak SV40
437,47,AGG1187,C6.36..Ae..albopictus.,24.42,Lep,SV40,4,Lep SV40
438,48,AGG1188,C6.36..Ae..albopictus.,123.6,BmHi,SV40,4,BmHi SV40
439,49,AGG1189,C6.36..Ae..albopictus.,111.94,BmLo,SV40,4,BmLo SV40
440,50,AGG1190,C6.36..Ae..albopictus.,38.29,Syn21,SV40,4,Syn21 SV40
441,51,AGG1191,C6.36..Ae..albopictus.,67.67,Kozak,K10,4,Kozak K10
442,52,AGG1192,C6.36..Ae..albopictus.,134.56,Lep,K10,4,Lep K10
443,53,AGG1193,C6.36..Ae..albopictus.,151.93,BmHi,K10,4,BmHi K10
444,54,AGG1194,C6.36..Ae..albopictus.,22.43,BmLo,K10,4,BmLo K10
445,55,AGG1195,C6.36..Ae..albopictus.,84.31,Syn21,K10,4,Syn21 K10
446,56,AGG1196,C6.36..Ae..albopictus.,29.73,Kozak,P10,4,Kozak P10
447,57,AGG1197,C6.36..Ae..albopictus.,230.36,Lep,P10,4,Lep P10
448,58,AGG1198,C6.36..Ae..albopictus.,189.75,BmHi,P10,4,BmHi P10
449,59,AGG1199,C6.36..Ae..albopictus.,84.19,BmLo,P10,4,BmLo P10
450,60,AGG1200,C6.36..Ae..albopictus.,77.92,Syn21,P10,4,Syn21 P10
451,46,AGG1186,C6.36..Ae..albopictus.,136.29,Kozak,SV40,4,Kozak SV40
452,47,AGG1187,C6.36..Ae..albopictus.,105.92,Lep,SV40,4,Lep SV40
453,48,AGG1188,C6.36..Ae..albopictus.,86.73,BmHi,SV40,4,BmHi SV40
454,49,AGG1189,C6.36..Ae..albopictus.,92.23,BmLo,SV40,4,BmLo SV40
455,50,AGG1190,C6.36..Ae..albopictus.,20.92,Syn21,SV40,4,Syn21 SV40
456,51,AGG1191,C6.36..Ae..albopictus.,116.1,Kozak,K10,4,Kozak K10
457,52,AGG1192,C6.36..Ae..albopictus.,108.21,Lep,K10,4,Lep K10
458,53,AGG1193,C6.36..Ae..albopictus.,76.58,BmHi,K10,4,BmHi K10
459,54,AGG1194,C6.36..Ae..albopictus.,23.12,BmLo,K10,4,BmLo K10
460,55,AGG1195,C6.36..Ae..albopictus.,56.24,Syn21,K10,4,Syn21 K10
461,56,AGG1196,C6.36..Ae..albopictus.,58.89,Kozak,P10,4,Kozak P10
462,57,AGG1197,C6.36..Ae..albopictus.,173.53,Lep,P10,4,Lep P10
463,58,AGG1198,C6.36..Ae..albopictus.,127.44,BmHi,P10,4,BmHi P10
464,59,AGG1199,C6.36..Ae..albopictus.,113.43,BmLo,P10,4,BmLo P10
465,60,AGG1200,C6.36..Ae..albopictus.,75.66,Syn21,P10,4,Syn21 P10
466,46,AGG1186,C6.36..Ae..albopictus.,117.59,Kozak,SV40,4,Kozak SV40
467,47,AGG1187,C6.36..Ae..albopictus.,95.26,Lep,SV40,4,Lep SV40
468,48,AGG1188,C6.36..Ae..albopictus.,176.08,BmHi,SV40,4,BmHi SV40
469,49,AGG1189,C6.36..Ae..albopictus.,123.56,BmLo,SV40,4,BmLo SV40
470,50,AGG1190,C6.36..Ae..albopictus.,14.12,Syn21,SV40,4,Syn21 SV40
471,51,AGG1191,C6.36..Ae..albopictus.,59.53,Kozak,K10,4,Kozak K10
472,52,AGG1192,C6.36..Ae..albopictus.,83.54,Lep,K10,4,Lep K10
473,53,AGG1193,C6.36..Ae..albopictus.,28.97,BmHi,K10,4,BmHi K10
474,54,AGG1194,C6.36..Ae..albopictus.,13.42,BmLo,K10,4,BmLo K10
475,55,AGG1195,C6.36..Ae..albopictus.,28.29,Syn21,K10,4,Syn21 K10
476,56,AGG1196,C6.36..Ae..albopictus.,33.71,Kozak,P10,4,Kozak P10
477,57,AGG1197,C6.36..Ae..albopictus.,176.95,Lep,P10,4,Lep P10
478,58,AGG1198,C6.36..Ae..albopictus.,147.99,BmHi,P10,4,BmHi P10
479,59,AGG1199,C6.36..Ae..albopictus.,115.37,BmLo,P10,4,BmLo P10
480,60,AGG1200,C6.36..Ae..albopictus.,59.45,Syn21,P10,4,Syn21 P10
481,61,AGG1186,Hsu..Cu..quinquefasciatus.,1.78,Kozak,SV40,5,Kozak SV40
482,62,AGG1187,Hsu..Cu..quinquefasciatus.,2.15,Lep,SV40,5,Lep SV40
483,63,AGG1188,Hsu..Cu..quinquefasciatus.,2,BmHi,SV40,5,BmHi SV40
484,64,AGG1189,Hsu..Cu..quinquefasciatus.,0.7,BmLo,SV40,5,BmLo SV40
485,65,AGG1190,Hsu..Cu..quinquefasciatus.,1.57,Syn21,SV40,5,Syn21 SV40
486,66,AGG1191,Hsu..Cu..quinquefasciatus.,0.91,Kozak,K10,5,Kozak K10
487,67,AGG1192,Hsu..Cu..quinquefasciatus.,1.04,Lep,K10,5,Lep K10
488,68,AGG1193,Hsu..Cu..quinquefasciatus.,1.64,BmHi,K10,5,BmHi K10
489,69,AGG1194,Hsu..Cu..quinquefasciatus.,0.34,BmLo,K10,5,BmLo K10
490,70,AGG1195,Hsu..Cu..quinquefasciatus.,1.08,Syn21,K10,5,Syn21 K10
491,71,AGG1196,Hsu..Cu..quinquefasciatus.,6.04,Kozak,P10,5,Kozak P10
492,72,AGG1197,Hsu..Cu..quinquefasciatus.,6.81,Lep,P10,5,Lep P10
493,73,AGG1198,Hsu..Cu..quinquefasciatus.,2.25,BmHi,P10,5,BmHi P10
494,74,AGG1199,Hsu..Cu..quinquefasciatus.,1.32,BmLo,P10,5,BmLo P10
495,75,AGG1200,Hsu..Cu..quinquefasciatus.,3.25,Syn21,P10,5,Syn21 P10
496,61,AGG1186,Hsu..Cu..quinquefasciatus.,1.65,Kozak,SV40,5,Kozak SV40
497,62,AGG1187,Hsu..Cu..quinquefasciatus.,1.9,Lep,SV40,5,Lep SV40
498,63,AGG1188,Hsu..Cu..quinquefasciatus.,1.45,BmHi,SV40,5,BmHi SV40
499,64,AGG1189,Hsu..Cu..quinquefasciatus.,0.54,BmLo,SV40,5,BmLo SV40
500,65,AGG1190,Hsu..Cu..quinquefasciatus.,1.44,Syn21,SV40,5,Syn21 SV40
501,66,AGG1191,Hsu..Cu..quinquefasciatus.,0.77,Kozak,K10,5,Kozak K10
502,67,AGG1192,Hsu..Cu..quinquefasciatus.,1.06,Lep,K10,5,Lep K10
503,68,AGG1193,Hsu..Cu..quinquefasciatus.,0.77,BmHi,K10,5,BmHi K10
504,69,AGG1194,Hsu..Cu..quinquefasciatus.,0.29,BmLo,K10,5,BmLo K10
505,70,AGG1195,Hsu..Cu..quinquefasciatus.,1.16,Syn21,K10,5,Syn21 K10
506,71,AGG1196,Hsu..Cu..quinquefasciatus.,3.09,Kozak,P10,5,Kozak P10
507,72,AGG1197,Hsu..Cu..quinquefasciatus.,4.16,Lep,P10,5,Lep P10
508,73,AGG1198,Hsu..Cu..quinquefasciatus.,2.82,BmHi,P10,5,BmHi P10
509,74,AGG1199,Hsu..Cu..quinquefasciatus.,1.28,BmLo,P10,5,BmLo P10
510,75,AGG1200,Hsu..Cu..quinquefasciatus.,3.08,Syn21,P10,5,Syn21 P10
511,61,AGG1186,Hsu..Cu..quinquefasciatus.,1.22,Kozak,SV40,5,Kozak SV40
512,62,AGG1187,Hsu..Cu..quinquefasciatus.,1.46,Lep,SV40,5,Lep SV40
513,63,AGG1188,Hsu..Cu..quinquefasciatus.,1.38,BmHi,SV40,5,BmHi SV40
514,64,AGG1189,Hsu..Cu..quinquefasciatus.,0.33,BmLo,SV40,5,BmLo SV40
515,65,AGG1190,Hsu..Cu..quinquefasciatus.,1.33,Syn21,SV40,5,Syn21 SV40
516,66,AGG1191,Hsu..Cu..quinquefasciatus.,0.56,Kozak,K10,5,Kozak K10
517,67,AGG1192,Hsu..Cu..quinquefasciatus.,0.96,Lep,K10,5,Lep K10
518,68,AGG1193,Hsu..Cu..quinquefasciatus.,1.38,BmHi,K10,5,BmHi K10
519,69,AGG1194,Hsu..Cu..quinquefasciatus.,0.29,BmLo,K10,5,BmLo K10
520,70,AGG1195,Hsu..Cu..quinquefasciatus.,0.81,Syn21,K10,5,Syn21 K10
521,71,AGG1196,Hsu..Cu..quinquefasciatus.,3.34,Kozak,P10,5,Kozak P10
522,72,AGG1197,Hsu..Cu..quinquefasciatus.,3.93,Lep,P10,5,Lep P10
523,73,AGG1198,Hsu..Cu..quinquefasciatus.,3.15,BmHi,P10,5,BmHi P10
524,74,AGG1199,Hsu..Cu..quinquefasciatus.,1.21,BmLo,P10,5,BmLo P10
525,75,AGG1200,Hsu..Cu..quinquefasciatus.,2.69,Syn21,P10,5,Syn21 P10
526,61,AGG1186,Hsu..Cu..quinquefasciatus.,1.54,Kozak,SV40,5,Kozak SV40
527,62,AGG1187,Hsu..Cu..quinquefasciatus.,1.72,Lep,SV40,5,Lep SV40
528,63,AGG1188,Hsu..Cu..quinquefasciatus.,1.85,BmHi,SV40,5,BmHi SV40
529,64,AGG1189,Hsu..Cu..quinquefasciatus.,0.6,BmLo,SV40,5,BmLo SV40
530,65,AGG1190,Hsu..Cu..quinquefasciatus.,1.23,Syn21,SV40,5,Syn21 SV40
531,66,AGG1191,Hsu..Cu..quinquefasciatus.,0.5,Kozak,K10,5,Kozak K10
532,67,AGG1192,Hsu..Cu..quinquefasciatus.,0.63,Lep,K10,5,Lep K10
533,68,AGG1193,Hsu..Cu..quinquefasciatus.,0.89,BmHi,K10,5,BmHi K10
534,69,AGG1194,Hsu..Cu..quinquefasciatus.,0.29,BmLo,K10,5,BmLo K10
535,70,AGG1195,Hsu..Cu..quinquefasciatus.,0.88,Syn21,K10,5,Syn21 K10
536,71,AGG1196,Hsu..Cu..quinquefasciatus.,2.5,Kozak,P10,5,Kozak P10
537,72,AGG1197,Hsu..Cu..quinquefasciatus.,2.94,Lep,P10,5,Lep P10
538,73,AGG1198,Hsu..Cu..quinquefasciatus.,2.8,BmHi,P10,5,BmHi P10
539,74,AGG1199,Hsu..Cu..quinquefasciatus.,1.47,BmLo,P10,5,BmLo P10
540,75,AGG1200,Hsu..Cu..quinquefasciatus.,3.94,Syn21,P10,5,Syn21 P10
541,61,AGG1186,Hsu..Cu..quinquefasciatus.,1.54,Kozak,SV40,5,Kozak SV40
542,62,AGG1187,Hsu..Cu..quinquefasciatus.,2.12,Lep,SV40,5,Lep SV40
543,63,AGG1188,Hsu..Cu..quinquefasciatus.,1.59,BmHi,SV40,5,BmHi SV40
544,64,AGG1189,Hsu..Cu..quinquefasciatus.,0.56,BmLo,SV40,5,BmLo SV40
545,65,AGG1190,Hsu..Cu..quinquefasciatus.,1.41,Syn21,SV40,5,Syn21 SV40
546,66,AGG1191,Hsu..Cu..quinquefasciatus.,0.6,Kozak,K10,5,Kozak K10
547,67,AGG1192,Hsu..Cu..quinquefasciatus.,0.79,Lep,K10,5,Lep K10
548,68,AGG1193,Hsu..Cu..quinquefasciatus.,1.39,BmHi,K10,5,BmHi K10
549,69,AGG1194,Hsu..Cu..quinquefasciatus.,0.35,BmLo,K10,5,BmLo K10
550,70,AGG1195,Hsu..Cu..quinquefasciatus.,0.82,Syn21,K10,5,Syn21 K10
551,71,AGG1196,Hsu..Cu..quinquefasciatus.,2.85,Kozak,P10,5,Kozak P10
552,72,AGG1197,Hsu..Cu..quinquefasciatus.,2.15,Lep,P10,5,Lep P10
553,73,AGG1198,Hsu..Cu..quinquefasciatus.,2.35,BmHi,P10,5,BmHi P10
554,74,AGG1199,Hsu..Cu..quinquefasciatus.,1.43,BmLo,P10,5,BmLo P10
555,75,AGG1200,Hsu..Cu..quinquefasciatus.,4.97,Syn21,P10,5,Syn21 P10
556,61,AGG1186,Hsu..Cu..quinquefasciatus.,1.63,Kozak,SV40,5,Kozak SV40
557,62,AGG1187,Hsu..Cu..quinquefasciatus.,1.65,Lep,SV40,5,Lep SV40
558,63,AGG1188,Hsu..Cu..quinquefasciatus.,1.69,BmHi,SV40,5,BmHi SV40
559,64,AGG1189,Hsu..Cu..quinquefasciatus.,0.43,BmLo,SV40,5,BmLo SV40
560,65,AGG1190,Hsu..Cu..quinquefasciatus.,1.24,Syn21,SV40,5,Syn21 SV40
561,66,AGG1191,Hsu..Cu..quinquefasciatus.,0.54,Kozak,K10,5,Kozak K10
562,67,AGG1192,Hsu..Cu..quinquefasciatus.,0.72,Lep,K10,5,Lep K10
563,68,AGG1193,Hsu..Cu..quinquefasciatus.,1.14,BmHi,K10,5,BmHi K10
564,69,AGG1194,Hsu..Cu..quinquefasciatus.,0.25,BmLo,K10,5,BmLo K10
565,70,AGG1195,Hsu..Cu..quinquefasciatus.,0.78,Syn21,K10,5,Syn21 K10
566,71,AGG1196,Hsu..Cu..quinquefasciatus.,3.75,Kozak,P10,5,Kozak P10
567,72,AGG1197,Hsu..Cu..quinquefasciatus.,2.56,Lep,P10,5,Lep P10
568,73,AGG1198,Hsu..Cu..quinquefasciatus.,2.02,BmHi,P10,5,BmHi P10
569,74,AGG1199,Hsu..Cu..quinquefasciatus.,1.09,BmLo,P10,5,BmLo P10
570,75,AGG1200,Hsu..Cu..quinquefasciatus.,2.68,Syn21,P10,5,Syn21 P10
571,61,AGG1186,Hsu..Cu..quinquefasciatus.,0.7,Kozak,SV40,5,Kozak SV40
572,62,AGG1187,Hsu..Cu..quinquefasciatus.,1.37,Lep,SV40,5,Lep SV40
573,63,AGG1188,Hsu..Cu..quinquefasciatus.,1.43,BmHi,SV40,5,BmHi SV40
574,64,AGG1189,Hsu..Cu..quinquefasciatus.,0.41,BmLo,SV40,5,BmLo SV40
575,65,AGG1190,Hsu..Cu..quinquefasciatus.,1.09,Syn21,SV40,5,Syn21 SV40
576,66,AGG1191,Hsu..Cu..quinquefasciatus.,0.37,Kozak,K10,5,Kozak K10
577,67,AGG1192,Hsu..Cu..quinquefasciatus.,0.6,Lep,K10,5,Lep K10
578,68,AGG1193,Hsu..Cu..quinquefasciatus.,0.86,BmHi,K10,5,BmHi K10
579,69,AGG1194,Hsu..Cu..quinquefasciatus.,0.27,BmLo,K10,5,BmLo K10
580,70,AGG1195,Hsu..Cu..quinquefasciatus.,0.61,Syn21,K10,5,Syn21 K10
581,71,AGG1196,Hsu..Cu..quinquefasciatus.,2.53,Kozak,P10,5,Kozak P10
582,72,AGG1197,Hsu..Cu..quinquefasciatus.,2.65,Lep,P10,5,Lep P10
583,73,AGG1198,Hsu..Cu..quinquefasciatus.,2.73,BmHi,P10,5,BmHi P10
584,74,AGG1199,Hsu..Cu..quinquefasciatus.,1.35,BmLo,P10,5,BmLo P10
585,75,AGG1200,Hsu..Cu..quinquefasciatus.,3.05,Syn21,P10,5,Syn21 P10
586,61,AGG1186,Hsu..Cu..quinquefasciatus.,1.17,Kozak,SV40,5,Kozak SV40
587,62,AGG1187,Hsu..Cu..quinquefasciatus.,1.7,Lep,SV40,5,Lep SV40
588,63,AGG1188,Hsu..Cu..quinquefasciatus.,1.45,BmHi,SV40,5,BmHi SV40
589,64,AGG1189,Hsu..Cu..quinquefasciatus.,0.37,BmLo,SV40,5,BmLo SV40
590,65,AGG1190,Hsu..Cu..quinquefasciatus.,1.14,Syn21,SV40,5,Syn21 SV40
591,66,AGG1191,Hsu..Cu..quinquefasciatus.,0.45,Kozak,K10,5,Kozak K10
592,67,AGG1192,Hsu..Cu..quinquefasciatus.,0.61,Lep,K10,5,Lep K10
593,68,AGG1193,Hsu..Cu..quinquefasciatus.,0.85,BmHi,K10,5,BmHi K10
594,69,AGG1194,Hsu..Cu..quinquefasciatus.,0.17,BmLo,K10,5,BmLo K10
595,70,AGG1195,Hsu..Cu..quinquefasciatus.,0.68,Syn21,K10,5,Syn21 K10
596,71,AGG1196,Hsu..Cu..quinquefasciatus.,2.93,Kozak,P10,5,Kozak P10
597,72,AGG1197,Hsu..Cu..quinquefasciatus.,3.95,Lep,P10,5,Lep P10
598,73,AGG1198,Hsu..Cu..quinquefasciatus.,1.69,BmHi,P10,5,BmHi P10
599,74,AGG1199,Hsu..Cu..quinquefasciatus.,1.56,BmLo,P10,5,BmLo P10
600,75,AGG1200,Hsu..Cu..quinquefasciatus.,3.52,Syn21,P10,5,Syn21 P10
